img_id,anno_image_quality,anno_texts
mcocr_private_145120ypcjr.jpg,0.73699343,MINIMART ANAN|||Chợ Sủi Phú Thị Gia Lâm|||Ngày: 16/08/2020 - 17:57|||Tổng cộng: 288000
mcocr_private_145120euvko.jpg,0.7641281999999999,CỬA HÀNG NĂM OÁNH|||Thôn Phú Thuỵ Xã Phú Thị Huyện Gia Lâm Gia Lâm TP Hà Nội|||Ngày: 12-08-2020|||Cộng tiền hàng 445000
mcocr_private_145120aedhd.jpg,0.4856165,TÊN ĐẠI LÝ VGH VINMANT VIN QNQNH|||ĐỊA CHỈ ĐẠI LÝ TỔ 8 KHU TB P.CCM TRUNG CAM PHA QUANG NINH|||NGÀY: 15/05/2020 GIỐ: 11-15:25|||TỔNG CỘNG: VND63200
mcocr_private_145120rtovn.jpg,0.6362277,Xuân|||244/23a Huỳnh Văn Bánh P.11 Q.PN|||Ngày giờ vào: 05.10.2020 10.15|||Tiên Thanh Toán 117 000
mcocr_private_145120ywkur.jpg,0.58536536,TÊN ĐẠI LÝ|||5156-10 7 MINH TIEN A ĐỊA CHỈ ĐẠI LÝ: CAM BINH CAM PHA QN|||NGÀY: 13/08/2020 GIO: 20:29:45|||TỔNG CỘNG: VND461288
mcocr_private_145120bgmgl.jpg,0.6148771,VinCommerce|||VM+ QNH Tổ 7 Khu Minh Tiến A Tổ 7 Khu Minh Tiến A P. Cẩm Bình TP. Cẩm Phả QNH|||Ngày bán: 14/08/2020 16:40|||TỔNG TIỀN PHẢI T.TOÁN 4.500
mcocr_private_145120lqifx.jpg,0.8839065,VinCommerce|||VM+QNH 1060-1062 Trần Phú Số 1060-1062 Đường Trần Phú TP. Cẩm Phả Quảng Ninh|||Ngày: 13/08/2020 Thời gian: 20:58|||
mcocr_private_145120qoenw.jpg,0.6565148000000001,VinCommerce|||VM+ QNH Tổ 7 Khu Minh Tiến A Tổ 7 Khu Minh Tiến A P. Cẩm Bình TP. Cẩm Phả QNH|||Ngày bán: 11/08/2020 09:08|||TỔNG TIỀN PHẢI T.TOÁN 99.000
mcocr_private_145120nwmjf.jpg,0.5846135,NHÀ SÁCH GD-TC CẨM PHẢ|||ĐC: 212 Đường Trần Phú-Cẩm Phả|||Thời gian: 09:59:51 - 15/08/2020|||22.000đ
mcocr_private_145120cykek.jpg,0.73205805,|||22 Quang Trung P10 Gò Vấp||||||Tiền Thanh Toán
mcocr_private_145120yirof.jpg,0.5918827,VinCommerce|||VM+QNH 590 Trần Phú Số 590 Trần Phú P.Cẩm Thuỷ TP. Cẩm Phả Quảng Ninh|||Ngày: 15/08/2020 Thời gian: 07:30|||
mcocr_private_145120ipczv.jpg,0.74930227,CỬA HÀNG NĂM OÁNH|||Thôn Phú Thuỵ Xã Phú Thị Huyện Gia Lâm TP Hà Nội|||Ngày: 12-08-2020|||Cộng tiền hàng 51500
mcocr_private_145120kmaos.jpg,0.5715720999999999,VINMART TÊN ĐẠI LÝ:|||TỔ 7 KHU MINH TIẾN A. P.CA ĐỊA CHỈ|||08/08/2020 21:54:35|||TỔNG: 50.000 Đ
mcocr_private_145120dbokx.jpg,0.6929105999999999,MINIMART ANAN|||Chợ Sủi Phú Thị Gia Lâm|||Ngày: 10/08/2020 - 16:43|||Tổng tiền 54000
mcocr_private_145120ipajj.jpg,0.52181613,VinCommerce|||VM+ QNH 112 Thanh Niên Số 112 Thanh Niên P. Cẩm Thành TP. Cẩm Phả Quảng Ninh|||Ngày bán: 11/08/2020 22:03|||TỔNG TIỀN PHẢI T.TOÁN 21.400
mcocr_private_145120xjrbo.jpg,0.53992695,VinCommerce|||VM+QNH 112 Thanh Niên Số 112 Thanh Niên P. Cẩm Thành TP. Cẩm Phả Quảng Ninh|||Ngày bán: 12/08/2020 16:04|||HỒNG TIỀN PHẢI T.TOÁN 75.000
mcocr_private_145120apnkj.jpg,0.72747606,MINIMART ANAN|||Chợ Sủi Phú Thị Gia Lâm|||Ngày: 11/08/2020 - 10:26|||Tổng tiền 56000
mcocr_private_145120ihcbk.jpg,0.59833235,VinCommerce|||VM+ QNH Tổ 7 Khu Minh Tiến A Tổ 7 Khu Minh Tiến A P. Cẩm Bình TP. Cẩm Phả QNH|||Ngày: 14/08/2020 Thời gian: 17:11|||
mcocr_private_145120mwmhc.jpg,0.7215218000000001,Saigon Co.op Co.op Food HN THE K-PARK|||Duet hop u tu kay dung Khu nha o Hi Brand P. Phu La Q. Ha Dong Tp Ha Noi|||Ngày: 19/09/2019 18:37:23|||Tong so tien thanh toan: 169190.00
mcocr_private_145120opuod.jpg,0.7214184,MINIMART ANAN|||Chợ Sủi Phú Thị Gia Lâm|||Ngày: 12/08/2020 - 14:28|||Tổng tiền 450000
mcocr_private_145120bdbex.jpg,0.70823544,MINIMART ANAN|||Chợ Sủi Phú Thị Gia Lâm|||Ngày: 11/08/2020 - 19:39|||Tổng tiền 229032
mcocr_private_145120czmqe.jpg,0.57095265,VinCommerce|||VM+ QNH 86 Trần Phú Số 86 Đường Trần Phú P. Cẩm Tây TP Cẩm Phả T.Quảng Ninh|||Ngày bán: 11/08/2020 10:19|||TỔNG TIỀN PHẢI T.TOÁN 142.826
mcocr_private_145120xlqul.jpg,0.5196032,TÊN ĐẠI LÝ: VGR VINMART 4939 VMQNH|||ĐỊA CHỈ ĐẠI LÝ: 2060-2062 TRAN PHÚ CAM PHA QUANG KINH|||12/08/2020 GIỜ: 22:03:05|||TỔNG CỘNG VND585990
mcocr_private_145120caqdr.jpg,0.65055645,VinCommerce|||VM+QNH Dự án KDC lấn biển coc 6 DA khu DCLB cọc 8 P.Cẩm Son DA khu DCLB cọc 6 P.Cẩm Sơn TP. Cẩm Phả T.Quảng Ninh|||Ngày bán: 14/08/2020 20:45|||TỔNG TIỀN PHẢI T.TOÁN 103.872
mcocr_private_145120zmrbk.jpg,0.6651394,Laha Cafe JUST GOOD COFFEE|||857 Nguyễn Kiêm P3 Q.Gò Vấp|||Ngày: 09.10.2C20 Giờ vào: 18.31|||Tổng cộng: 19 000
mcocr_private_145120nbtnw.jpg,0.6726074000000001,THE COFFEE HQUSE|||403 Phan Huy Ích P.14 Q.Gò Vấp|||Thời gian: 01.10.2020 08.59|||Thanh Toán: 58 000
mcocr_private_145120qgzmk.jpg,0.57135093,SIEU THI BACH HOA TONG HOP|||Số 5 Cẩm Tây - Cẩm Phả - QN||||||Tổng cộng (đã gồm VAT) 104000
mcocr_private_145120cksbv.jpg,0.5766085999999999,NHÀ SÁCH GD-TC CẨM PHẢ|||ĐC: 212 Đường Trần Phú-Cẩm Phả|||Thời gian: 07 44:54 - 11/08/2020|||Tổng số thanh toán 40.000đ
mcocr_private_145120dwtci.jpg,0.5071861,VinCommerce|||VM+ QNH 590 Trần Phú Số 690 Trần Phú P.Cẩm Thuỷ TP. Cẩm Phả Quảng Ninh|||Ngày bán: 13/08/2020 21:35|||TỔNG TIỀN PHẢI T.TOÁN 10.000
mcocr_private_145120hncxt.jpg,0.5368170999999999,NHÀ SÁCH GD-TC CẨM PHẢ|||ĐC: 212 Đường Trần Phú - Cẩm Phả|||Thời gian: 09:45:57 - 13/08/2020|||Tổng số thanh toán 93.000đ
mcocr_private_145120cbske.jpg,0.5360893,VinCommerce|||VM+ QNH Tổ 7 khu Minh Tiến A Tổ 7 Khu Minh Tiến A P. Cẩm Bình TP. Cẩm Phả QNH|||Ngày bán: 13/08/2020 17:31|||TỔNG TIỀN PHẢI T.TOÁN 21.542
mcocr_private_145120twstz.jpg,0.57513577,VINMART TÊN ĐẠI LÝ:|||TỔ 7 KHU MINH TIÊN A. P.CA ĐỊA CHỈ: 09/08/2020 12:19:59|||THỜI GIAN|||TẠI QUẦY 430:000 Đ 50
mcocr_private_145120yaqdo.jpg,0.69447535,VinCommerce|||P. Mà Đình TQN Hàm Từ Liêm HN|||Ngày bán: 18/08/2020 17:50|||TỔNG TIỀN PHẢI T.TOÁN 740.265
mcocr_private_145120jihqh.jpg,0.6383601999999999,CHẾ BU TI||||||Ngày: 0. 13/2020 (20:11)|||
mcocr_private_145120rykrc.jpg,0.60417336,VinCommerce|||VM QNH THỊ TRÁNH PHẢ Số Đ6 Chong Trần Phả P.Cẩm Thị TP Cẩm Phả T Quảng Ninh|||Ngày bán: 08/08/2020 21:02|||TỔNG TIỀN PHẢI T.TOÁN 177.700
mcocr_private_145120pbtzc.jpg,0.64455795,VinCommerce|||VM+ QNH Số 463 Tổ 66 Khu Diêm Thủy Số 483 Tổ 8 Khu Diêm Thủy P. Cẩm Đông TP. Cẩm Phả|||Ngày bán: 15/08/2020 07:22|||TỔNG TIỀN PHẢI T.TOÁN 40.900
mcocr_private_145120fhsok.jpg,0.62202644,VinCommerce|||VM+ QNH 86 Trần Phú Số 86 Đường Trần Phú P. Cẩm Tây TP Cẩm Phả T.Quảng Ninh|||Ngày: 09/08/2020 Thời gian: 16:35|||
mcocr_private_145120tdhhr.jpg,0.61808205,PHỐ MỎ|||Tổ 7 khu Tân Lập 4 - P.Cẩm Thủy Tp. Cẩm Phả - Quảng Ninh|||13/08/2020 - 22:14|||Tổng cộng: 12000
mcocr_private_145120qlhnj.jpg,0.6686135,Chefs BBQ 1||||||Ngày: 19/12/2019|||
mcocr_private_145120osdez.jpg,0.7375321,MINIMART ANAN|||Chợ Sủi Phú Thị Gia Lâm|||Ngày: 13/08/2020 - 20:28|||Tổng cộng: 356000
mcocr_private_145120rgoiu.jpg,0.7048722,Guitar Cafe|||28 Phan Cha Trinh Hiệp Phú Quận 9 Hồ|||Ngày lập: 02/10/2020|||Thành tiền: 85000
mcocr_private_145120schnz.jpg,0.6414939000000001,Saigon Co.op Sap Faigon Co.op Co.op Food HN THE K-PARK|||P. Phu L. Q. Ha Dong Tp Ha Noi|||Ngày: 17/09/2019 11:35:49|||Tong so tien thanh toan 23000.00
mcocr_private_145120ycjmc.jpg,0.63364154,VinCommerce|||VM+ QNH Tổ 7 Khu Minh Tiến A Tổ 7 Khu Minh Tiến A P.Cẩm Bình TP. Cẩm Phả QNH|||Ngày bán: 09/08/2020 18:11|||TỔNG TIỀN PHẢI T.TOÁN -10.800
mcocr_private_145120rwtpw.jpg,0.74862677,CỬA HÀNG NĂM OÁNH|||Thôn Phú Thuỵ Xã Phú Thị Huyện Gia Lâm TP Hà Nội|||Ngày: 12-08-2020|||Cộng tiền hàng 42000
mcocr_private_145120irora.jpg,0.7718550999999999,MINIMART ANAN|||Chợ Sủi Phú Thị Gia Lâm|||Ngày: 15/08/2020 21:27|||Tổng cộng : 27000
mcocr_private_145120cwwpk.jpg,0.6229053000000001,NHÀ SÁCH GD-TC CẨM PHẢ|||ĐC: 212 Đường Trần Phú-Cẩm Phả|||Thời gian: 18:33:01 - 14/08/2020|||Tổng số thanh toán 97.000đ
mcocr_private_145120pjejw.jpg,0.6637094,VinCommerce|||VM+ QNH Tổ 7 Khu Minh Tiến A Tổ 7 Khu Minh Tiến A P. Cẩm Bình TP. Cẩm Phả QNH|||Ngày bán: 14/08/2020 10:48|||TỔNG TIỀN PHẢI T.TOÁN 116.500
mcocr_private_145120ljmmd.jpg,0.5538126999999999,NHÀ SÁCH GD-TC CẨM PHẢ|||ĐC: 212 Đường Trần Phú-Cẩm Phả|||Thời gian: 21:34:59 - 14/08/2020|||Tổng số thanh toán 25.000đ
mcocr_private_145120pxmgi.jpg,0.62288594,VinCommerce|||VM+ 139 Chiến Thắng Số 139 đường Chiến Tháng P Tân Triều H Thanh Trì Hà Nội|||Ngày bán: 13/08/2020 08:31|||TỔNG TIỀN PHẢI T.TOÁN 192.800
mcocr_private_145120yvjhy.jpg,0.54852426,TÊN ĐẠI LÝ|||ĐỊA CHỈ ĐẠI LÝ|||NGÀY: 20/05/2020 GIỐ: 14:29:47|||TỔNG CỘNG: UND455.382
mcocr_private_145120dyknb.jpg,0.70448786,MINIMART ANAN|||Chợ Sủi Phú Thị Gia Lâm|||Ngày: 09/08/2020 - 17:24|||Tổng cộng: Tổng tiền
mcocr_private_145120vxrkb.jpg,0.6002069,VinCommerce|||VM+ QNH Tổ 7 Khu Minh Tiến A Tổ 7 Khu Minh Tiến A P. Cẩm Bình TP. Cẩm Phả QNH|||Ngày bán: 09/08/2020 18:39|||TỔNG TIỀN PHẢI T.TOÁN 66.300
mcocr_private_145120casxx.jpg,0.7519576,ƯU ĐÀM CHAY|||34 Hàng Bài - Hà Nội|||Ngày 14/08/2020|||
mcocr_private_145120dwgtk.jpg,0.54633325,VinCommerce|||VM+QNH 112 Thành Niên Số 112 Thanh Niên P. Cẩm Thành TP. Cẩm Phả Quảng Ninh|||Ngày bán: 10/08/2020 10:10|||TỔNG TIỀN PHẢI T.TOÁN 174.850
mcocr_private_145120fuksi.jpg,0.7381859000000001,Saigon Co.op Co.op Food HN THE K-PARK|||tai Khu do thi moi Van Phu Phu La 8. Ha Dong Tp Ha Noi|||Ngày: 23/09/2019|||Tong so tien thanh toan:
mcocr_private_145120pfzbm.jpg,0.64355856,VinCommerce|||VM+ QNH Dự án quỹ đất đường sắt DA QĐ dọc tuyến ĐS Tổ 3 Khu 2 P.Cẩm Sơn TP. Cẩm Phả T.QN|||Ngày bán: 15/08/2020 11:44|||TỔNG TIỀN PHẢI T.TOÁN 113.896
mcocr_private_145120zcmaj.jpg,0.7955425,MINIMART ANAN|||Chợ Sủi Phú Thị Gia Lâm|||Ngày : 15/08/2020 08:46|||Tổng cộng: 218000
mcocr_private_145120xjofx.jpg,0.6418058000000001,Saigon Co.op Co.op Food HN THE K-PARK|||ket hop dich vu tren o dat H-CT2 thuoc tai Khu do thi moi Van Phu P. Phu La Q. Ha Dong Tp Ha Noi|||Ngày: 19/09/2019 17:58:19|||Tong so tien thanh toan: 6400.00
mcocr_private_145120rtacs.jpg,0.71669084,Saigon Co.op TP. CHI THO KH Co.op Food HN THE K-PARK|||P. Phu La Q. Ha Dong Tp Ha Noi|||Ngày: 19/09/2019 18:16:44|||Tong so tien thanh toan: 59190.00
mcocr_private_145120etnlw.jpg,0.72952724,MINIMART ANAN|||Chợ Sủi Phú Thị Gia Lâm|||Ngày: 16/08/2020 08:44|||Tổng cộng 257000
mcocr_private_145120cgsjj.jpg,0.7382958000000001,Phúc Anh Minimart|||Cổ Bi - Gia lâm - Hà Nội||||||Khách phải trả 327000
mcocr_private_145120vcrvo.jpg,0.6517719,SIEU THI BACH HOA TONG HOP|||Số 5 Cẩm Tây - Cẩm Phả - QN|||Ngày : 09/08/2020 - 15:|||Tổng cộng (đã gồm VAT) 30000
mcocr_private_145120gcfei.jpg,0.5614435999999999,VinCommerce|||VM+ QNH TỔ 7 KHU THINH TIẾN A Tổ 7 Khu Hinh Tiến A P.Cẩm Bình TP Cẩm Phả QNH|||Ngày bán: 13/08/2020 11:20|||TỔNG TIỀN PHẢI T.TOÁN 146.400
mcocr_private_145120ndgdc.jpg,0.66166145,VinCommerce|||Số 32 ngõ Láng Trung P. Láng Hạ Q. Đông Đa Hà Nội|||Ngày bán: 22/07/2020 20:43|||TỔNG TIỀN PHẢI T.TOÁN
mcocr_private_145120mnfhj.jpg,0.5748368,SCTC CÔ THỎ 104 TRẦN PHÚ - CẨM PHẢ|||104 Trần Phú phường Cẩm Tây - Thành phố Cẩm Phả - Quảng Ninh|||Ngày: 09/08/20.00 (08:09 CH - 08:09 CH) Tổng thanh toán|||
mcocr_private_145120imnbf.jpg,0.753003,CỬA HÀNG NĂM OÁNH|||Thôn Phú Thuỵ Xã Phú Thị Huyện Gia Lâm TP Hà Nội|||Ngày: 12-08-2020|||Cộng tiền hàng 72000
mcocr_private_145120xqamb.jpg,0.5974828000000001,MINIMART ANAN|||Chợ Sủi Phú Thị Gia Lâm|||Ngày: 10/08/2020 - 18:26|||Tổng tiền 238008
mcocr_private_145120jlnto.jpg,0.50209886,||||||NGÀY HỆ THỐNG: 13/08/2020 22:12|||Tổng Tiền Tổng thanh toán 22.491.113 22.423.113
mcocr_private_145120kfxtr.jpg,0.7319093000000001,MINIMART ANAN|||Chợ Sủi Phú Thị Gia Lâm|||Ngày: 13/08/2020 - 10:34|||Tổng tiền 270016
mcocr_private_145120znpmt.jpg,0.564094,NHÀ SÁCH GD-TC CẨM PHẢ|||ĐC: 212 Đường Trần Phú-Cẩm Phả|||Thời gian: 08:48:18 - 15/08/2020|||Tổng số thanh toán 11.000đ
mcocr_private_145120rfgjj.jpg,0.7251283000000001,VinCommerce|||VM+QNH 112 Thanh Niên Số 112 Thanh Niên P. Cẩm Thành TP. Cẩm Phả Quảng Ninh|||Ngày bán: 15/08/2020 11:17|||TỔNG TIỀN PHẢI T.TOÁN 43.800
mcocr_private_145120ixnws.jpg,0.73442173,MINIMART ANAN|||Chợ Sủi Phú Thị Gia Lâm|||Ngày: 13/08/2020 - 17:30|||Tổng cộng: 344000
mcocr_private_145120efpse.jpg,0.52835554,VGR VINMART 4987 VMQNH TÊN ĐẠI LÝ:|||ĐỊA CHỈ ĐẠI LÝ: TỔ B KHU 3B P. CẨM TRUNG CAM PHA QUANG NINH|||NGÀY: 30/04/2020 GIỐ: 10:20:49|||TỔNG CỘNG: VND341.100
mcocr_private_145120azonx.jpg,0.6456715999999999,VinCommerce|||VM+ QNH Tổ 7 Khu Minh Tiến A Tổ 7 Khu Minh Tiến A P. Cẩm Bình TP. Cẩm Phả QNH|||Ngày bán: 14/08/2020 15:48|||TỔNG TIỀN PHẢI T.TOÁN 104.800
mcocr_private_145120dimiw.jpg,0.54443526,VinCommerce|||VM+ QNH Tổ 7 Khu Minh Tiến A Tổ 7 Khu Minh Tiến A P. Cẩm Bình TP. Cẩm Phả QNH|||Ngày : 12/08/2020 Thời gian: 20:52|||
mcocr_private_145120gpiwi.jpg,0.5848437,MINIMART ANAN|||Chợ Sủi Phú Thị Gia Lâm|||Ngày: 10/08/2020 - 17:20|||Tổng cộng: 88000
mcocr_private_145120ebzbl.jpg,0.70798564,MINIMART ANAN|||Chợ Sủi Phú Thị Gia Lâm|||Ngày: 09/08/2020 - 21:02|||Tổng tiền: 26000
mcocr_private_145120yzfoc.jpg,0.7021177,Saigon Co.op Co.op Food HN THE K-PARK|||tai Khu do thi moi Van Phu P. Phu La Q. Ha Dong Tp Ha Noi|||Ngày: 20/09/2019 13:14:26|||Tong so tien thanh toan: 15400.00
mcocr_private_145120elnjb.jpg,0.52616745,VGR VINMART 4987 VMQNH TEN ĐẠI LÝ|||TO 8 KHU 3B P CẨM TRUNG ĐỊA CHỈ ĐẠI LÝ: CAM PHA QUANG NINH|||NGÀY: 20/05/2020 GIỐ: 20:19:06|||TỔNG CỘNG: VND 171500
mcocr_private_145120xqxio.jpg,0.8077485,THỨC-COFFEE|||22 Quang Trung P10 Gò Vấp|||23.03.2019 Giờ vào:|||Tiền Thanh Toán 35 000
mcocr_private_145120hfwms.jpg,0.5791868,VinCommerce|||VM+ QNH Tổ 7 khu Minh Tiến A Tổ 7 Khu Minh Tiến A P. Cẩm Bình TP. Cẩm Phả QNH|||Ngày bán: 13/08/2020 18:22|||TỔNG TIỀN PHẢI T.TOÁN 22.510
mcocr_private_145120sqevm.jpg,0.5743937,VinCommerce|||VM+ QNH 112 Thanh Niên Số 112 Thanh Niên P. Cẩm Thành TP. Cẩm Phả Quảng Ninh|||Ngày bán: 11/08/2020 17:56|||TỔNG TIỀN PHẢI T.TOÁN 30.000
mcocr_private_145120clklv.jpg,0.7192349,|||Tiết Kiệm Thời Gian Tận Hường Cuộc Sối||||||
mcocr_private_145120mdxbf.jpg,0.60637057,VinCommerce|||VM+ QNH 112 Thanh Niên Số 112 Thanh Niên P. Cẩm Thành TP. Cẩm Phả Quảng Ninh|||Ngày bán: 12/08/2020 11:40|||TỔNG TIỀN PHẢI T.TOÁN 29.700
mcocr_private_145120pyvtt.jpg,0.68167704,|||TRUNG T. 2 Tổ 8788 MAI AGDN - HÀ DONG|||21:32 15/08/2020|||SỐ LƯỢNG MẶT HÀNG: 126.000
mcocr_private_145120mfwwi.jpg,0.69311875,VINMART TÊN ĐẠI LÝ|||DỰ ÁN KHU DÂN CƯ LẤN BIỂN|||NGÀY 14/08/2020 19:05:19|||TỔNG: 50.000 Đ
mcocr_private_145120wzxfx.jpg,0.63533866,VinCommerce|||VM+ QNH 86 Trần Phú Số 86 Đường Trần Phú P. Cẩm Tây TP Cẩm Phả T.Quảng Ninh|||Ngày bán: 09/08/2020 16:07|||TỔNG TIỀN PHẢI T.TOÁN 122.000
mcocr_private_145120gdukg.jpg,0.67127526,BIG C DI AN Tang 2 tem khi mua sam tu 200.000|||P.Dong Hoa TX Di An Tinh Binh Duong Von tong suu tap du 10 tem de minh Toai Dao KitchenAid Vover||||||TONG CONG - 208.224
mcocr_private_145120kqech.jpg,0.60524184,VinCommerce|||VM+ QNH 86 Trần Phú Số 86 Đường Trần Phú P. Cẩm Tây TP Cẩm Phả T.Quảng Ninh|||Ngày bán: 11/08/2020 09:26|||TỔNG TIỀN PHẢI T.TOÁN 42.600
mcocr_private_145120rvshv.jpg,0.71220964,PHÓ MỎ|||Tổ 7 khu Tân Lập 4 - P.Cẩm Thủy Tp.Cẩm Phả - Quảng Ninh|||11/08/2020 - 16:25|||Tổng cộng: 160000
mcocr_private_145120bxrwi.jpg,0.6793882,PHIEU TINH TIEN|||292 Ba Trieu Hai Ba Trung Ha N|||15 Aug 20 18:56:01|||
mcocr_private_145120dzqzm.jpg,0.6921967,MINIMART ANAN|||Chợ Sủi Phú Thị Gia Lâm|||Ngày: 09/08/2020 - 19:46|||Tổng cộng: 64000
mcocr_private_145120sgeqw.jpg,0.60398924,PHỐ MỎ|||Tổ 7 khu Tân Lập 4 - P.Cẩm Thủy Tp. Cẩm Phả - Quảng Ninh|||13/08/2020 - 22:07|||Tổng cộng: 20000
mcocr_private_145120ixchh.jpg,0.6046696,NHÀ SÁCH GD-TC CẨM PHẢ|||ĐC: 212 Đường Trần Phú-Cẩm Phả|||Thời gian: 10:12:34 - 15/08/2020|||Tổng số thanh toán 20.000đ
mcocr_private_145120azxzl.jpg,0.571321,NHÀ SÁCH GD-TC CẨM PHẢ|||ĐC: 212 Đường Trần Phú-Cẩm Phả|||Thời gian: 10:43:17 - 15/08/2020|||Tổng số thanh toán 97.000đ
mcocr_private_145120kshcd.jpg,0.5794204000000001,PHỐ MỎ|||Tổ 7 khu Tân Lập 4 - P.Cẩm Thủy Tp. Cẩm Phả - Quảng Ninh|||13/08/2020 - 20:52|||Tổng cộng: 24000
mcocr_private_145120dxuqv.jpg,0.5296821999999999,TÊN ĐẠI LÝ: 5156 VINMART|||ĐỊA CHỈ ĐẠI LÝ CAM BINH CAM PHA QN|||15/08/2020 GIỜ: 06:50:47|||TỔNG CỘNG: UND7200
mcocr_private_145120dmcly.jpg,0.5889208,NHÀ SÁCH GD-TC CẨM PHẢ|||ĐC: 212 Đường Trần Phú - Cẩm Phả|||Thời gian: 08:30:11 - 15/08/2020|||Tổng số thanh toán 6.000đ
mcocr_private_145120xtlae.jpg,0.87054163,NHÀ SÁCH GD-TC CẨM PHẢ|||ĐC: 212 Đường Trần Phú-Cẩm Phả|||Thời gian: 08:05:47 - 14/08/2020|||Tổng số thanh toán 20.000đ
mcocr_private_145120drkwk.jpg,0.5830863000000001,TÊN ĐẠI LÝ|||TỔ 7 KHI MINH TIẾM A.P.CA||||||TỔNG: 50.000 Đ
mcocr_private_145120opnsn.jpg,0.69228536,VinCommerce|||VM+ QNH Tổ 7 Khu Minh Tiến A Tổ 7 Khu Minh Tiến A P. Cẩm Bình TP. Cẩm Phả QNH|||Ngày bán: 14/08/2020 18:45|||TỔNG TIỀN PHẢI T.TOÁN 44.900
mcocr_private_145120gryhs.jpg,0.52706397,VinCommerce|||VM+ QNH Dự án KDC lấn biển cọc 6 DA khu DCLB cọc 6 P.Cẩm Sơn TP. Cẩm Phả T.Quảng Ninh|||Ngày bán: 12/08/2020 14:07|||TỔNG TIỀN PHẢI T.TOÁN 20.000
mcocr_private_145120wnsla.jpg,0.57093644,SCTC CÔ THỎ 104 TRẦN PHÚ - CẨM|||Trần Phú - phường Cả 1 15 Thành phố Cẩm Phả - Quảng tinh|||Ngày: 08/08/2020 (07:24 CH - 07:24 CH)|||Tổng thanh toán 30.000đ
mcocr_private_145120bgndj.jpg,0.5595524000000001,TÊN ĐẠI LY|||ĐỊA CHỈ ĐẠI|||NGÀY: GIO: 17:08:22|||TỔNG CỘNG: VND 16.720
mcocr_private_145120hsylc.jpg,0.5782682,VinCommerce|||VM+ QNH Tổ 8 Khu 38 Cẩm Trung Tổ Thà Thành Tổ Cẩm Trung Tổ 8 Khu 3B P. Cẩm Trung TP. Cẩm Phả T.Quảng Ninh|||Ngày bán: 13/08/2020 11:28|||TỔNG TIỀN PHẢI T.TOÁN 113.400
mcocr_private_145120qopqu.jpg,0.72756743,Saigon Co.op Co.op Food HN THE K-PARK|||P. Phu La Q. Ha Dong Tp Ha Noi|||Ngày: 17/09/2019 11:40:34|||Tong so tien thanh toan: 30912.00
mcocr_private_145120fyhqk.jpg,0.5999597,NHÀ SÁCH GD-TC CẨM PHẢ|||ĐC: 212 Đường Trần Phú-Cẩm Phả|||Thời gian: 19:06:35 - 14/08/2020|||Tổng số thanh toán 158.000đ
mcocr_private_145120jvfzz.jpg,0.64276236,MINIMART ANAN|||Chợ Sủi Phú Thị Gia Lâm|||Ngày: 10/08/2020 - 18:17|||Tổng tiền 236000
mcocr_private_145120tlksx.jpg,0.69117314,NHÀ SÁCH GD-TC CẨM PHẢ|||ĐC: 212 Đường Trần Phú-Cẩm Phả|||Thời gian: 09:39:15 - 11/08/2020|||Tổng số thanh toán 87.500đ
mcocr_private_145120bsynb.jpg,0.50650316,VinCommerce|||VM+ QNH Tổ 7 Khu Minh Tiến A Tổ 7 Khu Minh Tiến A P. Cẩm Bình TP. Cẩm Phả QNH|||Ngày bán: 13/08/2020 12:32|||TỔNG TIỀN PHẢI T.TOÁN 23.500
mcocr_private_145120podbv.jpg,0.6038155,NHÀ SÁCH GD-TC CẨM PHẢ|||ĐC: 212 Đường Trần Phú - Cẩm Phả|||Thời gian: 17:54:19 - 14/08/2020|||Tổng số thanh toán 90.000đ
mcocr_private_145120pgiom.jpg,0.6976842,Phúc Anh Minimart|||248 Cổ Bị - Gia Lâm - Hà Nội|||Ngày: 14-08-2020|||Khách phải trả 224000
mcocr_private_145120wwctd.jpg,0.58348066,NHÀ SÁCH GD-TC CẨM PHẢ|||ĐC: 212 Đường Trần Phú-Cẩm Phả|||Thời gian: 10:04:18 - 13/08/2020|||Tổng số thanh toán 40.000đ
mcocr_private_145120slrqr.jpg,0.73194027,MINIMART ANAN|||Chợ Sủi Phú Thị Gia Lâm|||Ngày: 15/08/2020 - 18:42|||Tổng tiền 169000
mcocr_private_145120rlash.jpg,0.7445315,CỬA HÀNG NĂM OÁNH|||Thôn Phú Thuỵ Xã Phú Thị Huyện Gia Lâm TP Hà Nội|||Ngày: 11-08-2020|||Cộng tiền hàng 105000
mcocr_private_145120jsfef.jpg,0.6817343000000001,MINIMART ANAN|||Chợ Sủi Phú Thị Gia Lâm|||Ngày: 09/08/2020 - 18:40|||Tổng cộng: 64500
mcocr_private_145120yujdk.jpg,0.7236226,MINIMART ANAN|||Chợ Sủi Phú Thị Gia Lâm|||Ngày : 16/08/2020 09:38|||Tổng tiền 222000
mcocr_private_145120dwtyw.jpg,0.5864941,NHÀ SÁCH GD-TC CẨM PHẢ|||ĐC: 212 Đường Trần Phú - Cẩm Phả|||Thời gian: 10:02.51 - 13/08/2020|||Tổng số thanh toán 90.000đ
mcocr_private_145120sosih.jpg,0.65134585,MINIMART ANAN|||Chợ Sủi Phú Thị Gia Lâm|||Ngày: 09/08/2020 - 17:35|||Tổng tiền 248016
mcocr_private_145120qrboq.jpg,0.57771754,|||KM 10 - Nguyen Trai - Ha Dong||||||156200.00
mcocr_private_145120vcpfc.jpg,0.6382102,VinCommerce|||VM+ QNH Tổ 7 Khu Minh Tiến A Tổ 7 Khu Minh Tiến A P. Cẩm Bình TP. Cẩm Phả QNH|||Ngày bán: 15/08/2020 10:47|||TỔNG TIỀN PHẢI T.TOÁN 16.000
mcocr_private_145120pbvrk.jpg,0.5693464,||||||Ngày: 10/00/2020 (21:30)|||
mcocr_private_145120ttjrp.jpg,0.64235586,MINIMART ANAN|||Chợ Sủi Phú Thị Gia Lâm|||Ngày: 17/08/2020 - 14:42|||Tổng tiền 273000
mcocr_private_145120etjwj.jpg,0.51527554,TÊN ĐẠI LÝ:|||TỔ 7 KHU MINI TIẾN A. P.CA|||13/08/2020 12:10:39|||TỔNG: 200.000 Đ
mcocr_private_145120smgnp.jpg,0.71551037,MINIMART ANAN|||Chợ Sủi Phú Thị Gia Lâm|||Ngày: 16/08/2020 - 15:57|||Tổng tiền 123000
mcocr_private_145120jhbvb.jpg,0.6282525999999999,VinCommerce|||VM+ QNH Tổ 7 Khu Minh Tiến A Tổ 7 Khu Minh Tiến A P. Cẩm Bình TP. Cẩm Phả QNH|||Ngày bán: 14/08/2020 21:42|||TỔNG TIỀN PHẢI T.TOÁN 210.000
mcocr_private_145120cjdfp.jpg,0.6711928,VinCommerce|||VM+ QNH Tổ 7 Khu Minh Tiến A Tổ 7 Khu Minh Tiến A P. Cẩm Bình TP. Cẩm Phả QNH|||Ngày bán: 15/08/2020 09:17|||TỔNG TIỀN PHẢI T.TOÁN 48.900
mcocr_private_145120gxzhn.jpg,0.77533686,Saigon Co.op Co.op Food HN GREEN STARS|||Toa 2185 CC Green Stars 34 Pham Van Dong P. Co Nhue Q. Bac Tu Liem Tp. Ha Noi||||||Tong so tien thanh toan
mcocr_private_145120nyytp.jpg,0.5391705,VinCommerce|||VM+ QNH Tổ 7 Khu Minh Tiến A Tổ 7 Khu Minh Tiến A P. Cẩm Bình TP. Cẩm Phả QNH|||Ngày bán: 13/08/2020 17:53|||
mcocr_private_145120okqnl.jpg,0.7139587,MINIMART ANAN|||Chợ Sủi Phú Thị Gia Lâm||||||151000
mcocr_private_145120qxnqk.jpg,0.64224577,VinCommerce|||VM+ QNH Tổ 7 Khu Minh Tiến A Tổ 7 Khu Minh Tiến A P. Cẩm Bình TP. Cẩm Phả QNH|||Ngày bán: 14/08/2020 11:54|||TỔNG TIỀN PHẢI T.TOÁN 8.800
mcocr_private_145120fzkbv.jpg,0.74396324,MINIMART ANAN|||Chợ Sủi Phú Thị Gia Lâm||||||
mcocr_private_145120ormas.jpg,0.5361204,VINMART TÊN ĐẠI LÝ:|||TỔ 7 KHU MINH TIÊN A.P.CA|||THỜI GIAN 10/08/2020 12:55:07|||TẠI QUẦY 50.000 Đ TO
mcocr_private_145120nwttp.jpg,0.5514142,VinCommerce|||VM+ QNH Tổ 7 Khu Minh Tiến A Tổ 7 Khu Minh Tiến A P. Cẩm Bình TP. Cẩm Phả QNH|||Ngày: 09/08/2020 Thời gian: 14:33|||
mcocr_private_145120hnuff.jpg,0.73898464,MINIMART ANAN|||Chợ Sủi Phú Thị Gia Lâm||||||Tổng tiền 481000
mcocr_private_145120xshwc.jpg,0.72661805,MINIMART ANAN|||Chợ Sủi Phú Thị Gia Lâm|||Ngày: 15/08/2020 - 17:04|||Tổng tiền 28000
mcocr_private_145120eghoa.jpg,0.83593386,CỬA HÀNG NĂM OÁNH|||Thôn Phú Thụy Xã Phú Thị Huyện Gia Lâm TP Hà Nội|||Ngày: 11-08-2020|||Cộng tiền hàng 354000
mcocr_private_145120eiyjs.jpg,0.7498864000000001,MINIMART ANAN|||Chợ Sủi Phú Thị Gia Lâm|||Ngày: 13/08/2020 - 15:56|||Tổng tiền 140500
mcocr_private_145120ezfnf.jpg,0.5228774,TÊN ĐẠI LÝ: VINMART|||ĐỊA CHỈ: TỔ 7 KHU MINH TIẾN A. P.CA|||THỜI GIAN 10/08/2020 22:11:56|||TẠI QUẦY 654.985 Đ .99
mcocr_private_145120aahvv.jpg,0.74945885,MINIMART ANAN|||Chợ Sủi Phú Thị Gia Lâm|||Ngày: 13/08/2020 - 17:52|||Tổng tiền 146010
mcocr_private_145120cmjrk.jpg,0.5900745,SIEU THI BACH HOA TONG HOP|||Số 5 Cẩm Tây - Cẩm Phả - QN|||Ngày: 09/08/2020 - 17:|||Tổng cộng (đã gồm VAT) 5.000
mcocr_private_145120xajdk.jpg,0.7543415,MINIMART ANAN|||Chợ Sủi Phú Thị Gia Lâm|||Ngày: 16/08/2020 - 16:19|||Tổng cộng 108000
mcocr_private_145120opctc.jpg,0.7431933000000001,MINIMART ANAN|||Chợ Sủi Phú Thị Gia Lâm|||Ngày : 12/08/2020 - 16:15|||Tổng tiền 247000
mcocr_private_145120bgplh.jpg,0.5682393,|||||||||8.122.545
mcocr_private_145120qlhmj.jpg,0.7329091999999999,CUK CUK BUFFET BBQ & HOT POT|||Địa chỉ: Tâng 3 - Tòa nhà Vinh Centre - TP.Vinh|||Ngày:|||Tổng cộng: 1144000
mcocr_private_145120amcnb.jpg,0.62490624,VinCommerce|||VM+ QNH Tổ 7 Khu Minh Tiến A Tổ 7 Khu Minh Tiến A P. Cẩm Bình TP. Cẩm Phả QNH|||Ngày: 10/08/2020 Thời gian: 10:09|||
mcocr_private_145120gbcop.jpg,0.69721407,NHÀ SÁCH BÍCH HÀ|||ĐT: 0243 8833172||||||
mcocr_private_145120stjiz.jpg,0.7304241,MINIMART ANAN|||Chợ Sủi Phú Thị Gia Lâm|||Ngày: 13/08/2020 - 08:47|||Tổng cộng: 92000
mcocr_private_145120adyuf.jpg,0.70674443,VỀN Vũ|||Cẩm Phả Quảng Ninh|||Ngày: 25/07/2020 16:32.52|||Tổng tiền (VND) 110000
mcocr_private_145120nvize.jpg,0.6396005,Xuân|||244/23a Huỳnh Văn Bánh P.11 Q.PN|||Ngày giờ vào: 05.10.2020 18.33|||Tiên Thanh goán 378800
mcocr_private_145120jrznp.jpg,0.68446517,VinCommerce|||Số 354-356 Mỹ Đình P Mỹ Đình 1 Q. Nam Từ Liêm Hà Nội|||Ngày bán: 13/01/2020 : 8640|||205.500
mcocr_private_145120ilwww.jpg,0.5776371,VinCommerce|||VM+QNH Dự án KDC lấn biển cọc 6 DA khu DCLB cọc 6 P.Cẩm Sơn TP. Cẩm Phả T.Quảng Ninh|||Ngày bán: 12/08/2020 18:22|||TỔNG TIỀN PHẢI T.TOÁN 17.500
mcocr_private_145120mhmmr.jpg,0.6077374,MINIMART ANAN|||Chợ Sủi Phú Thị Gia Lâm|||Ngày: 09/08/2020 - 09:17|||Tổng cộng 112000 112000
mcocr_private_145120licwr.jpg,0.48946753,VinCommerce|||VM+ QNH 1060-1062 Trần Phú Số 1060-1062 Đường Trần Phú TP. Cẩm Phả Quảng Ninh|||Ngày bán: 12/08/2020 21:49|||TỔNG TIỀN PHẢI T.TOÁN 19.500
mcocr_private_145120aorof.jpg,0.65277374,VinCommerce|||VM+ QNH Tổ 7 Khu Minh Tiến A Tổ 7 Khu Minh Tiến A P. Cẩm Bình TP. Cẩm Pha QNH|||Ngày bán: 15/08/2020 08:00|||TỔNG TIỀN PHẢI T.TOÁN 29.000
mcocr_private_145120jekcw.jpg,0.75880915,CỬA HÀNG NĂM OÁNH|||Thôn Phú Thuỵ Xã Phú Thị Huyện Gia Lâm TP Hà Nội|||Ngày: 12-08-2020|||Cộng tiền hàng 182000
mcocr_private_145120rnpak.jpg,0.46978018,VinCommerce|||VM+QNH Dự án KDC lấn biển cọc 6 DA khu DCLB cọc 8 P.Cẩm Sơn TP. Cẩm Phả T.Quảng Ninh|||Ngày bán: 12/08/2020 11:02|||TỔNG TIỀN PHẢI T.TOÁN 115.132
mcocr_private_145120hmavz.jpg,0.6262137,Saigon Co.op Co.op Food HN THE K-PARK|||ket hop dich vu tren o dat H-CT2 thuoc Tu an Dau tu xay dung Khu nha o Hi Brang tai Khu do thi moi Van Phu P. Phu La Q. Ha Dong Tp Ha Noi|||Ngày: 17/09/2019 11:40:34|||Tong so tien thanh toan: 30912.00
mcocr_private_145120uspmc.jpg,0.7095442,MINIMART ANAN|||Chợ Sủi Phú Thị Gia Lâm|||Ngày: 13/08/2020 - 10:26|||Tổng cộng: 25000
mcocr_private_145120nlxbq.jpg,0.6808818,VinCommerce|||VM+QNH Dự án quỹ đất đường sắt DA QĐ dọc tuyến ĐS Tổ 3 Khu 2 P. Cẩm Sơn TP. Cẩm Phả T.QN|||Ngày bán: 15/08/2020 11:01|||TỔNG TIỀN PHẢI T.TOÁN 12.000
mcocr_private_145120avxlw.jpg,0.7319187,||||||NHÂN VIÊN|||TỔNG CỘNG 39.000
mcocr_private_145120qbknh.jpg,0.52184737,VinCommerce|||VM+QNH Tổ 7 khu Minh Tiến A Tổ 7 Khu Minh Tiến A P. Cẩm Bình TP. Cẩm Phả QNH|||Ngày bán: 12/08/2020 20:46|||TỔNG TIỀN PHẢI T.TOÁN 10.000
mcocr_private_145120efkkx.jpg,0.7150959,Giảm đã|||244/23a Huỳnh Văn Bánh P.11 Q.PN|||Ngày giờ ra: Ngày giờ vào: 04.10.2020 10.33|||Tiên Thanh Toán 240 000
mcocr_private_145120xxxey.jpg,0.6381298000000001,NHÀ SÁCH GD-TC CÂN PHẢ|||ĐC: 212 Đường Trần Phú-Cẩm Phả|||Ngi gian . 6:11:45 - 31/07/2020|||Tổng số thanh toán 20.000đ
mcocr_private_145120rumkt.jpg,0.53852266,VinCommerce|||VM+ QNH Tổ 7 khu Minh Tiến A Tổ 7 Khu Minh Tiến A P. Cẩm Bình TP.Cẩm Phả QNH|||Ngày bán: 12/08/2020 21:19|||TỔNG TIỀN PHẢI T.TOÁN 47.900
mcocr_private_145120dvojm.jpg,0.69307715,MINIMART ANAN|||Chợ Sủi Phú Thị Gia Lâm|||Ngày: 12/08/2020 - 13:14|||Tổng cộng : 13000
mcocr_private_145120ipgzm.jpg,0.5166898,TÊN ĐẠI LÝ|||ĐỊA CHỈ ĐẠI LÝ 5156 TỔ 7 MINH TIẾN A CAM BINH CAM PHA QN|||NGÀY: 14/08/2020 17:29:33|||TỔNG CỘNG: VND50000
mcocr_private_145120fevhe.jpg,0.5142186,VGH VINMART 49687 VMQNH TÊN ĐẠI LÝ|||ĐỊA CHỈ ĐẠI LÝ TO 8 KHU 3B P.CAM TRUNG CAM PHA QUANG NINH|||13/08/2020 19:42:34|||TỔNG CỘNG: VND229869
mcocr_private_145120bnzpf.jpg,0.5007404999999999,VinCommerce|||VM+QNH 10604062 Trần Phú Số 1060-1062 Đường Trần Phú TP. Cẩm Phả Quảng Ninh|||Ngày bán: 13/08/2020 18:19|||TỔNG TIỀN PHẢI T.TOÁN 101.300
mcocr_private_145120huazo.jpg,0.50628936,NHÀ SÁCH GD-TC CẨM PHẢ|||ĐC: 212 Đường Trần Phú - Cẩm Phả|||Thời gian: 10:43 17 - 15/08/2020|||Tổng số thanh toán 97.000đ
mcocr_private_145120wmfat.jpg,0.57691306,VinCommerce|||VM+ QNH 86 Trần Phú Số 86 Đường Trần Phú P. Cẩm Tây TP Cẩm Phả T.Quảng Ninh|||Ngày bán: 09/08/2020 20:12|||TỔNG TIỀN PHẢI T.TOÁN 63.000
mcocr_private_145120hfyit.jpg,0.6040669,SCTC CÔ THỎ 104 TRẦN PHÚ - CẨM PHẢ|||104 Trần Phú phường Cẩm Tây Thành phố Cẩm Phả Quảng Ninh|||Ngày: 09/08/2020 (07.26 CH - 07:26 CH)|||Tổng thanh toán 60.000đ
mcocr_private_145120xjsdu.jpg,0.4594696,||||||NGÀY HỆ THỐNG: 14/08/2020 22:13|||16.850.018
mcocr_private_145120moljt.jpg,0.7066305,Saigon Co.op Co.op Food HN THE K-PARK|||P. Phu La Q. Ha Dong Tp Ha Noi|||Ngày: 19/09/2019 18:37:23|||Tong so tien thanh toan: 169190.00
mcocr_private_145120pyezf.jpg,0.7229684000000001,||||||LEE06EZ 770|||
mcocr_private_145120ksdpo.jpg,0.6916121999999999,Saigon Co.op|||Co.op Food HN THE K-PARK Thu tu xay dung Khu nha o Hi Bra tai Khu do thi moi Van Phu Phu La B. Ha Dong Tp Ha Non|||Ngày: 19/09/2019 18:17:43|||Tong so tien thanh toan:
mcocr_private_145120kdutu.jpg,0.6529913,VinCommerce|||VM+QNH Số 463 Tổ 66 Khu Diêm Thủy Số 483 Tổ 86 Khu Diêm Thuỷ P. Cẩm Đông TP. Cẩm Phả|||Ngày bán: 15/08/2020 08:59|||TỔNG TIỀN PHẢI T.TOÁN 105.378
mcocr_private_145120qdoha.jpg,0.7283233,MINIMART ANAN|||Chợ Sủi Phú Thị Gia Lâm||||||Tổng cộng: 235000
mcocr_private_145120kyged.jpg,0.7979334,THE COFFEE HQUSE|||403 Phan Huy Ích P.14 Q.Gò Vấp|||Thời gian: 30.09.2020 08.10|||Thanh Toán 78 000
mcocr_private_145120tnzoy.jpg,0.66521764,VinCommerce|||VM+ QNH 86 Trần Phú Số 86 Đường Trần Phú P. Cẩm Tây TP Cẩm Phả T.Quảng Ninh|||Ngày bán: 11/08/2020 11:00|||TỔNG TIỀN PHẢI T.TOÁN 11.960
mcocr_private_145120fxgmu.jpg,0.6623055,MINIMART ANAN|||Chợ Sủi Phú Thị Gia Lâm|||Ngày: 10/08/2020 - 17:22|||Tổng cộng: 23.000
mcocr_private_145120pzxut.jpg,0.60201156,NHÀ SÁCH GD-TC CẨM PHẢ|||ĐC: 212 Đường Trần Phú-Cẩm Phả|||Thời gian: 20:06:56 - 14/08/2020|||Tổng số thanh toán 175.000đ
mcocr_private_145120gsoxn.jpg,0.5934159000000001,VinCommerce|||VM+QNH 10604062 Trần Phú Số 1060-1062 Đường Trần Phú TP. Cẩm Phả Quảng Ninh|||Ngày bán: 15/08/2020 11:16|||TỔNG TIỀN PHẢI T.TOÁN 150.600
mcocr_private_145120ipola.jpg,0.59639,PHỐ MỎ|||Tổ 7 khu Tân Lập 4 - P.Cẩm Thủy Tp Cẩm Phả - Quảng Ninh|||13/08/2020 - 20:36|||Tổng cộng: 30000
mcocr_private_145120ywovu.jpg,0.6200827,VinCommerce|||VM+ QNH Tổ 7 Khu Minh Tiến A Tổ 7 Khu Minh Tiến A P. Cẩm Bình TP. Cẩm Phả QNH|||Ngày bán: 14/08/2020 18:39|||TỔNG TIỀN PHẢI T.TOÁN 240.000
mcocr_private_145120nxhum.jpg,0.8292553,BIG C LONG BIEN|||Ngay Du S. Cau Giay Ha Nii||||||TONG CONG 33.800 
mcocr_private_145120bgxue.jpg,0.65001094,VinCommerce|||VM+ QNH Số 463 Tổ 66 Khu Diêm Thủy Số 483 Tổ 8 Khu Diêm Thuỷ P. Cẩm Đông TP. Cẩm Phả|||Ngày bán: 15/08/2020 06:07|||TỔNG TIỀN PHẢI T.TOÁN 8.800
mcocr_private_145120wfzeb.jpg,0.5176277,VinCommerce|||VM+QNH 10604062 Trần Phú Số 10604062 Đường Trần Phú TP. Cẩm Phả Quảng Ninh|||Ngày bán: 12/08/2020 17:26|||TỔNG TIỀN PHẢI T.TOÁN 12.000
mcocr_private_145120xybgv.jpg,1.0165168,|||Tang 23-24 Toa Center Building So 1 Nguyen Huy Tuong P.Thanh|||08/2020 - 49120|||1786.313 VND 60.000 VND
mcocr_private_145120silda.jpg,0.69519925,MINIMART ANAN|||Chợ Sủi Phú Thị Gia Lâm|||Ngày: 09/08/2020 - 17:39|||Tổng cộng: 265000
mcocr_private_145120typdw.jpg,0.59934,MINIMART ANAN|||Chợ Sủi Phú Thị Gia Lâm|||Ngày: 12/08/2020 - 14:16|||Tổng tiền 386002
mcocr_private_145120hnosf.jpg,0.72447026,TẠI DU QN 195 - XX|||Tong the dend||||||
mcocr_private_145120vvopk.jpg,0.51055723,VINMART TÊN ĐẠI LÝ|||TỔ 7 KHU MINH TIẾN A.P . CA ĐỊA CHỈ:|||13/06/2020 17:57:09|||TỔNG: 100.000 Đ
mcocr_private_145120epens.jpg,0.54377466,VinCommerce|||VM+ QNH Tổ 7 Khu Minh Tiến A Tổ 7 Khu Minh Tiến A P. Cẩm Bình TP. Cẩm Phả QNH|||Ngày: 13/08/2020 Thời gian: 16:13|||
mcocr_private_145120mobxm.jpg,0.6510106999999999,Saigon Co.op Co.op Food HN THE K-PARK|||Than Toa K3 Cong Trinh chung cu Du an Dau dich vu tren o dat H-C12 thuart San Dau tu xay dung Khu nha o Hi Bran Tai Khu do thi moi Van Phu Noi Phu L3 Q. Ha Dong TP Ha Noi|||Ngày: 19/09/2019 18:17:43|||Tong so tien thanh toan: 30265.0 Tong so tien thanh toan:
mcocr_private_145120lrmyr.jpg,0.66831577,|||Melinh Plaza Hà Đông|||12/08/2020 18:30|||Tổng tiền
mcocr_private_145120yucon.jpg,0.6136028,VinCommerce|||VM+ QNH Tổ 7 Khu Minh Tiến A Tổ 7 Khu Minh Tiến A P. Cẩm Bình TP. Cẩm Phả QNH|||Ngày bán: 09/08/2020 18:24|||TỔNG TIỀN PHẢI T.TOÁN 35.100
mcocr_private_145120rwlmr.jpg,0.7407151,MINIMART ANAN|||Chợ Sủi Phú Thị Gia Lâm|||Ngày: 13/08/2020 - 18:02|||Tổng cộng: 117000
mcocr_private_145120xzodh.jpg,0.73640263,Saigon Co.op||||||Ngày: 20/09/2019|||Tong so tien thanh toan: 366600.00
mcocr_private_145120ugttg.jpg,0.54497933,VinCommerce|||VM+ QNH Dự án KDC lấn biển coc 6 DA khu DCLB cọc 6.P.Cẩm Sơn TP. Cẩm Phả T.Quảng Ninh|||Ngày bán: 14/08/2020 22:04|||TỔNG TIỀN PHẢI T.TOÁN 296.900
mcocr_private_145120nhkcx.jpg,0.6801116999999999,MINIMART ANAN|||Chợ Sủi Phú Thị Gia Lâm|||Ngày: 10/08/2020 - 16:07|||Tổng cộng: 119000
mcocr_private_145120jtake.jpg,0.4888343,VinCommerce|||VM+ QNH Tổ 7 khu Minh Tiến A Tổ 7 Khu Minh Tiến A P. Cẩm Bình TP. Cẩm Phả QNH|||Ngày: 13/08/2020 Thời gian: 17:34|||
mcocr_private_145120tswei.jpg,0.6872498,VinCommerce|||VM+ QNH Tổ 7 Khu Minh Tiến A Tổ 7 Khu Minh Tiến A P. Cẩm Bình TP. Cẩm Phả QNH|||Ngày bán: 14/08/2020 21:58|||TỔNG TIỀN PHẢI T.TOÁN 16.500
mcocr_private_145120vogtr.jpg,0.72397715,MINIMART ANAN|||Chợ Sủi Phú Thị Gia Lâm||||||Tổng tiền 293012
mcocr_private_145120bokpe.jpg,0.8064815,|||191 Quang Trung Q.9 Dien thoai giao hang: (028)3730723|||Ngày: 21/07/2020 18:24|||Tong so tien thanh toan: 32217.20
mcocr_private_145120oogln.jpg,0.65933233,VinCommerce|||VM+ QNH Tổ 7 Khu Minh Tiến A Tổ 7 Khu Minh Tiến A P. Cẩm Bình TP. Cẩm Phả QNH|||Ngày bán: 14/08/2020 16:21|||TỔNG TIỀN PHẢI T.TOÁN 10.000
mcocr_private_145120udjsy.jpg,0.6289269000000001,VinCommerce|||VM+QNH Tổ 7 Khu Minh Tiến A Tổ 7 Khu Minh Tiến A P.Cẩm Bình TP. Cẩm Phả QNH|||Ngày bán: 10/08/2020 12:32|||TỔNG TIỀN PHẢI T.TOÁN 97.926
mcocr_private_145120inznw.jpg,0.6255715000000001,GAHASA|||||||||
mcocr_private_145120urmma.jpg,0.44880277,VinCommerce|||VM+ TTTM Chợ Sủi Số 42 Phố Sủi xã Phú Thị huyện Gia Lâm Hà Nội|||Ngày bán: 14/08/2020 17:26|||TỔNG TIỀN PHẢI T.TOÁN 193.920
mcocr_private_145120tqkzt.jpg,0.72748905,MINIMART ANAN|||Chợ Sủi Phú Thị Gia Lâm|||Ngày : 17/08/2020 - 17:53|||Tổng cộng 180000
mcocr_private_145120biprv.jpg,0.6349579000000001,VinCommerce|||VM+QNH 1060-1062 Trần Phú Số 10604062 Đường Trần Phú TP. Cẩm Phả Quảng Ninh|||Ngày bán: 15/08/2020 07:20|||TỔNG TIỀN PHẢI T.TOÁN 200.000
mcocr_private_145120nwfxv.jpg,0.6098029,VinCommerce|||VM+QNH 690 Trần Phú Số 590 Trần Phú P. Cẩm Thủy TP. Cẩm Phả Quảng Ninh|||Ngày bán: 15/08/2020 07:43|||TỔNG TIỀN PHẢI T.TOÁN 31.320
mcocr_private_145120btfhn.jpg,0.6424266,MILANO COFFEE|||186 Cây Trâm P.11 Q.Gò Vấp TP.HCM|||02.10.2020 15.37|||Tiên Thanh Toán 15 000
mcocr_private_145120rpsfw.jpg,0.7422073,SCTC CÔ THỎ 104 TRẦN PHÚ - CẨM PHẢ|||104 Trần Phú - phường Cẩm Tây - Thành phố Cẩm Phả - Quảng Ninh|||Ngày: 10/08/2020 (09:48 CH - 09:48 CH)|||45.000đ
mcocr_private_145120ahyvq.jpg,0.6462008,SIEU THI BACH HOA TONG HOP|||Số 5 Cẩm Tây - Cẩm Phả - QN||||||Tổng cộng (đã gồm VAT) 52.000
mcocr_private_145120pybmq.jpg,0.5611358,VINMART TÊN ĐẠI LÝ:|||TỔ 7 KHU MINH TIẾN A.P.CA|||NGÀY|||TỔNG: 200.000 Đ
mcocr_private_145120xqhxt.jpg,0.66631025,VinCommerce|||VM+QNH 1060-1062 Trần Phú Số 10604062 Đường Trần Phú TP. Cẩm Phả Quảng Ninh|||Ngày bán: 15/08/2020 09:59|||TỔNG TIỀN PHẢI T.TOÁN 42.300
mcocr_private_145120xocav.jpg,0.5972810000000001,CTY CP DI PT CN TTP TÊN ĐẠI LÝ:|||ĐỊA CHỈ ĐẠI LÝ: CAM PHA-QUANG NINH|||NGÀY 09/08/2020 17:54:15|||TỔNG CỘNG: UND463200
mcocr_private_145120sidqj.jpg,0.7160219,|||||||||(LWY 30) (JUNOISE )
mcocr_private_145120cbyep.jpg,0.61545396,VinCommerce|||VM+ QNH Tổ 7 Khu Minh Tiến A Tổ 7 Khu Minh Tiến A P. Cẩm Bình TP. Cẩm Phả QNH|||Ngày bán: 09/08/2020 18:03|||TỔNG TIỀN PHẢI T.TOÁN 70.400
mcocr_private_145120tjvke.jpg,0.7733777,VinCommerce|||VM+ Mỹ Đình Tầng 1 nhà CT9 KĐT Mỹ Đình P. Mi Trì Q. Nam Từ Liêm HN|||Ngày bán: 21/08/2020 18:27|||TỔNG TIỀN PHẢI T.TOÁN 112.235
mcocr_private_145120wsxhs.jpg,0.48918977,TÊN ĐẠI LÝ|||ĐỊA CHỈ ĐẠI LÝ:|||NGÀY: 16/05/2020 GIO 13:55.33|||TỔNG CÔNG: UND28.000
mcocr_private_145120ddbdw.jpg,0.62442833,SIEU THI BACH HOA TONG HOP|||Số 5 Cẩm Tây - Cẩm Phả - QN||||||Tổng cộng (đã gồm VAT) 105000
mcocr_private_145120jwxbj.jpg,0.7161132,THE COFFEE HQUSE|||403 Phan Huy Ích P.14 Q.Gò Vấp|||Thời gian: 30.09.2020 08.08|||Thanh Toán 40 000
mcocr_private_145120gpyay.jpg,0.6081005,VinCommerce|||VM+QNH 590 Trần Phú Số 590 Trần Phú P. Cẩm Thủy TP. Cẩm Phả Quảng Ninh|||Ngày bán: 15/08/2020 10:05|||
mcocr_private_145120kktef.jpg,0.6951251,Saigon Co.op Co.op Food HN THE K-PARK|||P. Phu La Q. Ha Dong Tp Ha Noi|||Ngày: 20/09/2019 12:18:21|||Tong so tien thanh toan: 27213.00
mcocr_private_145120qsskw.jpg,0.69948107,Guitar Cafe|||28 Phan Chu Trinh Hiệp Phú Quân 9 Hồ|||Ngày lập: 03/10/2020|||Thành tiền
mcocr_private_145120nsnxf.jpg,0.66476786,VinCommerce|||VM+ QNH Tổ 7 Khu Minh Tiến A Tổ 7 Khu Minh Tiến A P. Cẩm Bình TP. Cẩm Phả QNH|||Ngày bán: 15/08/2020 07:10|||TỔNG TIỀN PHẢI T.TOÁN 101.500
mcocr_private_145120jzwyq.jpg,0.67825973,VinCommerce|||VM+QNH Dự án quỹ đất đường sắt DA QĐ dọc tuyến ĐS Tổ 3 Khu 2 P. Cẩm Sơn TP. Cẩm Phả T.QN|||Ngày bán: 15/08/2020 11:01|||TỔNG TIỀN PHẢI T.TOÁN 12.000
mcocr_private_145120djlum.jpg,0.5027022,|||TỔ / ĐO NAN TIỀN A P.CA||||||TỔNG: 637.917 Đ
mcocr_private_145120sfkpq.jpg,0.6375407,NHÀ SÁCH GD-TC CẨM PHẢ|||ĐC: 212 Đường Trần Phú - Cẩm Phả|||Thời gian 20:34:38 - 14/08/2020|||Tổng số thanh toán 87.000đ
mcocr_private_145120fqeaq.jpg,0.76988614,THỨC COFFEE|||22 Quang Trung P10 Gò Vấp|||17.03.2019 Giờ vào: 15.05 15.06|||Tiền Thanh Toán 35 000
mcocr_private_145120zneoy.jpg,0.5940793000000001,|||||||||
mcocr_private_145120opumm.jpg,0.5195419,VinCommerce|||VM+QNH 10604062 Trần Phú Số 1060-1062 Đường Trần Phú TP. Cẩm Phả Quảng Ninh|||Ngày bán: 13/08/2020 09:53|||TỔNG TIỀN PHẢI T.TOÁN 76.000
mcocr_private_145120gmdua.jpg,0.7278647,MINIMART ANAN|||Chợ Sủi Phú Thị Gia Lâm|||Ngày: 11/08/2020 - 08:33|||Tổng cộng 101000
mcocr_private_145121axatl.jpg,0.68042773,BÁCH HOÁ XANH|||Thần Sơn Nhì Quận Tân Phú Thành phố Hồ Ch|||Ngày CT: 12/08/2020 20:12 12/08/2020 20:12|||
mcocr_private_145121kpago.jpg,0.6619109999999999,VinCommerce|||VM+ QNH Dự án KDC lấn biển cọc 6 DA khu DCLB coc 8 P. Cẩm Sơn TP. Cẩm Phả T.Quảng Ninh|||Ngày bán: 14/08/2020 17:50|||TỔNG TIỀN PHẢI T.TOÁN 12.800
mcocr_private_145121lfqob.jpg,0.50145,VinCommerce|||VM+ QNH Tổ 7 Khu Minh Tiến A Tổ 7 Khu Minh Tiến A P. Cẩm Bình TP. Cẩm Phả QNH|||Ngày: 13/08/2020 Thời gian: 16:18|||
mcocr_private_145121pjnag.jpg,0.6510988,VinCommerce|||VM+QNH Dự án quỹ đất đường sắt DA QĐ doc tuyến ĐS Tổ 3 Khu 2 P. Cẩm Sơn TP. Cẩm Phả T.QN|||Ngày bán: 14/08/2020 18:56|||TỔNG TIỀN PHẢI T.TOÁN 98.085
mcocr_private_145121szjzk.jpg,0.6469015,VinCommerce|||VM+ QNH Tổ 7 Khu Minh Tiến A Tổ 7 Khu Minh Tiến A P. Cẩm Bình TP. Cẩm Phả QNH|||Ngày bán: 15/08/2020 10:14|||TỔNG TIỀN PHẢI T.TOÁN 31.500
mcocr_private_145121xgfdd.jpg,0.73405236,MINIMART ANAN|||Chợ Sủi Phú Thị Gia Lâm|||Ngày: 16/08/2020 - 16:51|||Tổng cộng 86000
mcocr_private_145121pgxpu.jpg,0.7399498999999999,|||22 Quang Trung P10 Gò Vấp|||Ngày: 31.03.2019 Giờ ra: Giờ ra: 09.30|||Tiền Thanh Toán 35 000
mcocr_private_145121xefpx.jpg,0.70697814,MINIMART ANAN|||Chợ Sủi Phú Thị Gia Lâm|||Ngày: 16/08/2020 - 17:19|||Tổng cộng : 89500
mcocr_private_145121jtsvz.jpg,0.6362817,VinCommerce|||VM+QNH 1060-1062 Trần Phú Số 10604062 Đường Trần Phú TP. Cẩm Phả Quảng Ninh|||Ngày bán: 15/08/2020 10:58|||TỔNG TIỀN PHẢI T.TOÁN 49.900
mcocr_private_145121ejiwh.jpg,0.5701204000000001,VinCommerce|||VM+QNH 10604062 Trần Phú Số 10604062 Đường Trần Phú TP. Cẩm Phả Quảng Ninh|||Ngày bán: 12/08/2020 17:16|||TỔNG TIỀN PHẢI T.TOÁN 49.500
mcocr_private_145121evclb.jpg,0.6987854,SCTC CÔ THỎ 104 TRẦN PHÚ - CẨM PHẢ|||Thà Thủ Phú phường Cẩm Tây Thành phố Cẩm Phả - Quảng Ninh|||Ngày: 08/08/28 19:46 CH - 09:46 CHĐ|||Tổng thanh toán 100.000đ
mcocr_private_145121emlvc.jpg,0.63636166,VinCommerce|||VM+ QNH Tổ 7 Khu Minh Tiến A Tổ 7 Khu Minh Tiến A P. Cẩm Bình TP. Cẩm Phả QNH|||Ngày bán: 11/08/2020 11:27|||TỔNG TIỀN PHẢI T.TOÁN 12.100
mcocr_private_145121leefz.jpg,0.6847966999999999,MINIMART ANAN|||Chợ Sủi Phú Thị Gia Lâm|||Ngày: 12/08/2020 - 11:33|||Tổng cộng: 141000
mcocr_private_145121lawdy.jpg,0.5835314,SCTC CỘ THỎ 104 TRẦN PHÚ - CẨM PHẢ|||104 Trần Phú phường Cẩm Tây Thành phố Cẩm Phả Quảng Ninh|||Ngày: 08/08/2020 (08:22 CH - 08:22 CH)|||Tổng thanh toán
mcocr_private_145121wfclu.jpg,0.623562,VinCommerce|||VM+ QNH Tổ 7 Khu Minh Tiến A Tổ 7 Khu Minh Tiến A P. Cẩm Bình TP. Cẩm Phả QNH|||Ngày bán: 09/08/2020 11:13|||TỔNG TIỀN PHẢI T.TOÁN 45.000
mcocr_private_145121qywbp.jpg,0.5992289000000001,VinCommerce|||VM+ QNH Tổ 7 Khu Minh Tiến A Tổ 7 Khu Minh Tiến A P. Cẩm Bình TP. Cẩm Phả QNH|||Ngày : 15/08/2020 Thời gian: 09:53|||
mcocr_private_145121cqrlq.jpg,0.8297741,||||||Ngày: 19/09/2019 Ngày: 19/09/2019 18:33:45|||Tong so tien thanh toan: 144408.20
mcocr_private_145121odkou.jpg,0.7918098000000001,Saigon Co.op Co.op Food HN THE K-PARK|||Tang 1SH42 - Toa K3Cong trinh chung cu ket hop dich vu tren o dat H-CT2 thuoc Du an Dau tu xay dung Khu nha o Hi Brand tai Khu do thi moi Van Phu P. Phu La Q. Ha Dong Tp Ha Noi|||Ngày: 23/09/2019 Ngày: 23/09/2019 10:41:59 10:41:59|||so tien thanh toan:
mcocr_private_145121jjefo.jpg,0.64873666,BIG C DI AN|||P. Cung H8 . BNN DUONG (TEBRO)||||||TONG CONG 44.067
mcocr_private_145121haoxr.jpg,0.53231907,4358 VINMART TÊN ĐẠI LÝ|||ĐỊA CHỈ ĐẠI LÝ TP CAM PHA-QN|||NGÀY: 13/08/2020 19:39:11|||TỔNG CỘNG: VND249600
mcocr_private_145121vwcbq.jpg,0.72651035,Saigon Co.op Co.op Food HN THE K-PARK|||tai Khu do thi moi Van Phu P. Phu La Q. Ha Dong Tp Ha Noi|||Ngày: 20/09/2019 10:25:34|||27291.20
mcocr_private_145121byien.jpg,0.79271454,|||22 Quang Trung P10 Gò Vấp|||Ngày: 17.03.2019 12.41|||Tiền Thanh Toán 45 000
mcocr_private_145121izwpe.jpg,0.5040977,||||||NGÀY HỆ THỐNG: 13/08/2020 22:04|||Tổng Tiền 16.941.087
mcocr_private_145121nuxjo.jpg,0.59219486,NHÀ SÁCH GD-TC CẨM PHẢ|||ĐC: 212 Đường Trần Phú-Cẩm Phả|||Thời gian: 20:08:56 - 14/08/2020|||25.000đ
mcocr_private_145121sngso.jpg,0.61130893,SCTC CÔ THỎ 104 TRẦN PHÚ - CẨM PHẢ|||104 Trần Phú phường Cẩm Tây - Thành phố Cẩm Phả - Quảng Ninh|||Ngày: 09/08/2020 (09:28 CH - 09:28 CH)|||Tổng thanh toán 60.000đ
mcocr_private_145121ycazg.jpg,0.5888011,VinCommerce|||VM+ QNH Tổ 7 Khu Minh Tiến A Tổ 7 Khu Minh Tiến A P. Cẩm Bình TP. Cẩm Phả QNH|||Ngày: 15/08/2020 Thời gian: 11:08|||
mcocr_private_145121gdeww.jpg,0.48783424,||||||NGÀY HO THONG: 14/08/2020 13:21|||Tổng Tiền Tổng thanh toán 4.614.466 4.750.466
mcocr_private_145121ssqlo.jpg,0.4405746,VinCommerce|||VM+ QNH Tổ 8 Khu 38 Cẩm Trung Tổ 8 Khu 3B P. Cẩm Trung TP. Cẩm Phả T.Quảng Ninh|||Ngày bán: 13/08/2020 BÁN 19|||TỔNG TIỀN PHẢI T.TOÁN 28.000
mcocr_private_145121bxdcv.jpg,0.74756014,CỬA HÀNG NĂM OÁNH|||Thôn Phú Thuỵ Xã Phú Thị Huyện Gia Lâm TP Hà Nội|||Ngày: 11-08-2020|||Cộng tiền hàng 69000
mcocr_private_145121wqvca.jpg,0.54692847,TÊN ĐẠI LY:|||TỔ 8 KHU 38.P. CẨM TRUNG 1 ĐỊA CHỈ:|||13/08/2020 19:12 : 43|||TỔNG: 500.000 Đ
mcocr_private_145121ofqvx.jpg,0.6859451999999999,MINIMART ANAN|||Chợ Sủi Phú Thị Gia Lâm|||Ngày: 12/08/2020 - 13:00|||Tổng cộng : 56000
mcocr_private_145121mpsix.jpg,0.74812293,Phúc Anh Minimart|||248 Cổ Bi - Gia Lâm - Hà Nội|||Ngày: 11-08-2020|||Khách phải trả 88000
mcocr_private_145121tuswl.jpg,0.6237832,VinCommerce|||VM+ QNH Tổ 7 Khu Minh Tiến A Tổ 7 Khu Minh Tiến A P. Cẩm Bình TP. Cẩm Phả QNH|||Ngày bán: 14/08/2020 16:43|||TỔNG TIỀN PHẢI T.TOÁN 52.421
mcocr_private_145121cjtsq.jpg,0.6631857,MINIMART ANAN|||Chợ Sủi Phú Thị Gia Lâm|||Ngày: 10/08/2020 - 16:33|||Tổng tiền 386026
mcocr_private_145121aephc.jpg,0.8822738000000001,Saigon Co.op Co.op Food HN THE K-PARK|||ket hop dich vu tren o dat H-CT2 thuoc tai Khu do thi moi Van Phu P. Phu La Q. Ha Dong Tp Ha Noi|||Ngày: 23/09/2019|||Tong so tien thanh toan: 13832.00
mcocr_private_145121spywb.jpg,0.6024213,VinCommerce|||VM+ QNH Tổ 7 Khu Minh Tiến A Tổ 7 Khu Minh Tiến A P. Cẩm Bình TP. Cẩm Phả QNH|||Ngày bán: 10/08/2020 12:28|||TỔNG TIỀN PHẢI T.TOÁN 20.000
mcocr_private_145121vmfkr.jpg,0.5027174,VinCommerce|||Số 42 Phố Sủi xã Phú Thị Thuyện Gia Lâm Hà Nội|||Ngày bán: 15/08/2020 07:55|||TIỀN KHÁCH TRẢ 148.000
mcocr_private_145121bzwmq.jpg,0.75714326,CỬA HÀNG NĂM OÁNH|||Thôn Phú Thụy Xã Phú Thị Huyện Gia Lâm TP Hà Nội|||Ngày: 12-08-2020|||Cộng tiền hàng 45000
mcocr_private_145121trljp.jpg,0.45117566,VinCommerce|||VM+ QNH 112 Thanh Niên Số 112 Thanh Niên P. Cẩm Thành TP. Cẩm Phả Quảng Ninh|||Ngày bán: 14/08/2020 09:41|||TỔNG TIỀN PHẢI T.TOÁN 20.250
mcocr_private_145121nwwip.jpg,0.51853746,VinCommerce|||VM+ QNH Tổ 7 khu Minh Tiến A Tổ 7 Khu Minh Tiến A P. Cẩm Bình TP. Cẩm Phả QNH|||Ngày bán: 13/08/2020 14:40|||TỔNG TIỀN PHẢI T.TOÁN 70.419
mcocr_private_145121wvbms.jpg,0.646471,VinCommerce|||VM+ QNH Tổ 7 Khu Minh Tiến A Tổ 7 Khu Minh Tiến A P. Cẩm Bình TP. Cẩm Phả QNH|||Ngày bán: 14/08/2020 10:53|||TỔNG TIỀN PHẢI T.TOÁN 70.198
mcocr_private_145121stjms.jpg,0.6028868000000001,VinCommerce|||VM+QNH 10604062 Trần Phú Số 10604062 Đường Trần Phú TP. Cẩm Phả Quảng Ninh|||Ngày bán: 15/08/2020 09:46|||TỔNG TIỀN PHẢI T.TOÁN 54.463
mcocr_private_145121pcidy.jpg,0.74406034,CỬA HÀNG NĂM OÁNH|||Thôn Phú Thuỵ Xã Phú Thị Huyện Gia Lâm TP Hà Nội|||Ngày: 10-08-2020|||Cộng tiền hàng 550000
mcocr_private_145121wrkxs.jpg,0.5763111999999999,SCTC CÔ THỎ 104 TRẦN PHÚ - CẨM PHẢ|||104 Trần Phú phường Cẩm Tây - Thành phố Cẩm Phả - Quảng Ninh|||Ngày: 08/08/2020 (10:35 CH - 1035 CH)|||Tổng thanh toán 125.000đ
mcocr_private_145121zpirw.jpg,0.6259045,VinCommerce|||VM+QNH 1060-1062 Trần Phú Số 10604062 Đường Trần Phú TP. Cẩm Phả Quảng Ninh|||Ngày bán: 14/08/2020 21:13|||TỔNG TIỀN PHẢI T.TOÁN 55.100
mcocr_private_145121rtjyu.jpg,0.6413909000000001,||||||NGÀY KINH DOANH: 14/08/2020|||Tổng thanh toán 25.161.872
mcocr_private_145121gekvy.jpg,0.53270996,TÊN ĐẠI LÝ: VINMART|||ĐỊA CHỈ: SỐ 590 TRẦN PHÚ P. CẨM THÚ|||14/08/2020 17:13:03|||TỔNG: 50.000 Đ
mcocr_private_145121yzycq.jpg,0.47687882,VinCommerce|||VM+QNH 1060-1062 Trần Phú Số 10604062 Đường Trần Phú TP. Cẩm Phả Quảng Ninh|||Ngày bán: 13/08/2020 18:58|||TỔNG TIỀN PHẢI T.TOÁN 100.700
mcocr_private_145121pyboc.jpg,0.58772284,NHÀ SÁCH GD-TC CẨM PHẢ|||ĐC: 212 Đường Trần Phú-Cẩm Phả|||Thời gian: 10:26:16 - 13/08/2020|||Tổng số thanh toán 87.000đ
mcocr_private_145121trzmp.jpg,0.6243805,VinCommerce|||VM+ QNH Tổ 7 Khu Minh Tiến A Tổ 7 Khu Minh Tiến A P. Cẩm Bình TP. Cẩm Phả QNH|||Ngày bán: 14/08/2020 18:14|||TỔNG TIỀN PHẢI T.TOÁN 48.600
mcocr_private_145121qsztx.jpg,0.69835395,Saigon Co.op Co.op Food HN THE K-PARK|||tai Khu do thi moi Van Phu P. Phu La Q. Ha Dong Tp Ha Noi|||Ngày: 19/09/2019 18:33:45|||Tong so tien thanh toan: 144408.20
mcocr_private_145121uslvw.jpg,0.74170923,CỬA HÀNG NĂM OÁNH|||Thôn Phú Thụy Xã Phú Thị Huyện Gia Lâm TP Hà Nội|||Ngày: 14-07-2020|||Cộng tiền hàng 660000
mcocr_private_145121ytqjr.jpg,0.47030526,VinCommerce|||VM+QNH Tổ 8 Khu 3B Cẩm Trung Tổ 8 Khu 3B P. Cẩm Trung TP. Cẩm Phả T.Quảng Ninh|||Ngày bán: 13/08/2020 11:47|||TỔNG TIỀN PHẢI T.TOÁN 40.000
mcocr_private_145121ohvev.jpg,0.6209682,VinCommerce|||VM+QNH 10604062 Trần Phú Số 10604062 Đường Trần Phú TP. Cẩm Phả Quảng Ninh|||Ngày bán: 15/08/2020 06:10|||TỔNG TIỀN PHẢI T.TOÁN 24.450
mcocr_private_145121ofugc.jpg,0.75166416,MINIMART ANAN|||Chợ Sủi Phú Thị Gia Lâm|||Ngày: 17/08/2020 - 10:53|||Tổng cộng 98000
mcocr_private_145121yprkq.jpg,0.7361493,|||tai Khu do thi moi Van Phu P. Phu La Q. Ha Dong Tp Ha Noi|||Ngày: 19/09/2019 18:19:11|||54000.00
mcocr_private_145121jnyda.jpg,0.49694106,VinCommerce|||VM+ QNH Tổ 7 Khu Minh Tiến A Tổ 7 Khu Minh Tiến A P. Cẩm Bình TP. Cẩm Phả QNH|||Ngày bán: 13/08/2020 16:33|||TỔNG TIỀN PHẢI T.TOÁN 33.800
mcocr_private_145121qvqen.jpg,0.7465212,CỬA HÀNG NĂM OÁNH|||Thôn Phú Thuỵ Xã Phú Thị Huyện Gia Lâm TP Hà Nội|||Ngày: 11-08-2020|||Cộng tiền hàng 131500
mcocr_private_145121jrylx.jpg,0.70321697,PHỐ MỎ|||Tổ 7 khu Tân Lập 4 - P.Cẩm Thủy Tp. Cẩm Phả - Quảng Ninh|||11/08/2020 - 22:32|||Tổng cộng: 25000
mcocr_private_145121phqfz.jpg,0.5381530999999999,||||||NGÀY KINH DOANH: 12/08/2020|||Tổng thanh toán Tổng Tiền 6.378.441
mcocr_private_145121pmtie.jpg,0.7163286,THE COFFEE HQUSE|||403 Phan Huy Ích P.14 Q.Gò Vấp|||Thời gian: 30.09.2020 08.25|||67 000
mcocr_private_145121ojvci.jpg,0.56808656,NHÀ SÁCH GD-TC CẨM PHẢ|||ĐC: 212 Đường Trần Phú-Cẩm Phả|||Thời gian: 09:58:24 - 15/08/2020|||Tổng số thanh toán 127.000đ
mcocr_private_145121lomnx.jpg,0.71252483,||||||Ngày: 17/09/2019 11:14:04|||Tong so tien thanh toan:
mcocr_private_145121oihna.jpg,0.66944724,Laha Cafe JUST GOOD COFFEE|||N5u Phú Phú Phú Phú Phú Phú Phú Phú Phú Phú Phú Phú Phú Phú Phú Phú Phú Phú Phú Phú Phú Phú Phú Phú Phú Phú Phú Phú Phú Phú Phú P|||Ngày: 09.10.2C20 Giờ vào: 19.42|||Tổng cộng:
mcocr_private_145121vztxn.jpg,0.5640185999999999,TÊN ĐẠI LÝ VINMART|||ĐỊA CHỈ: SỐ 1060-1062 TRẦN PHÚ P.C|||NGÀY 14/08/2020 20:35:27|||TỔNG:
mcocr_private_145121rhddh.jpg,0.5321559,VinCommerce|||VM+ QNH Dự án KDC lấn biển cọc 6 DA khu DCLB cọc 6 P.Cẩm Sơn TP. Cẩm Phả T.Quảng Ninh|||Ngày bán: 12/08/2020 18:10|||TỔNG TIỀN PHẢI T.TOÁN 12.000
mcocr_private_145121qfwji.jpg,0.5966783,NHÀ SÁCH GD-TC CẨM PHẢ|||ĐC: 212 Đường Trần Phú-Cẩm Phả|||Thời gian: 10:23:00 - 15/08/2020|||Tổng số thanh toán 7.000đ
mcocr_private_145121bgtjt.jpg,0.50894135,VinCommerce|||VM+ QNH Tổ 7 Khu Minh Tiến A Tổ 7 Khu Minh Tiến A P. Cẩm Bình TP. Cẩm Phả QNH|||Ngày bán: 14/08/2020 06:59|||TỔNG TIỀN PHẢI T.TOÁN 12.000
mcocr_private_145121armrj.jpg,0.7202778000000001,MINIMART ANAN|||Chợ Sủi Phú Thị Gia Lâm|||Ngày: 12/08/2020 - 08:07|||Tổng cộng 108000
mcocr_private_145121fbfct.jpg,0.5305917,VinCommerce|||VM+QNH 1060-1062 Trần Phú Số 1060-1062 Đường Trần Phú TP. Cẩm Phả Quảng Ninh|||Ngày bán: 12/08/2020 16:09|||TỔNG TIỀN PHẢI T.TOÁN 397.300
mcocr_private_145121veynk.jpg,0.4512157,VinCommerce|||VM+ TTTM Chợ Sủi Số 42 Phố Sủi xã Phú Thị huyện Gia Lâm Hà Nội|||Ngày bán: 14/08/2020 17:26|||TỔNG TIỀN PHẢI T.TOÁN 193.920
mcocr_private_145121xducg.jpg,0.70532477,Saigon Co.op Co.op Food HN THE K-PARK|||tai Khu do thi moi Van Phu P. Phu La Q. Ha Dong Tp Ha Noi|||Ngày: 23/09/2019|||Tong so tien thanh toan: 53889.00
mcocr_private_145121xnmdu.jpg,0.6300170999999999,VinCommerce|||VM+ QNH Tổ 7 khu Minh Tiến A Tổ 7 Khu Minh Tiến A P. Cẩm Bình TP. Cẩm Phả QNH|||Ngày bán: 10/08/2020 07:46|||TỔNG TIỀN PHẢI T.TOÁN 18.800
mcocr_private_145121uahht.jpg,0.6429064,VinCommerce|||VM+QNH 1060-1062 Trần Phú Số 10604062 Đường Trần Phú TP. Cẩm Phả Quảng Ninh|||Ngày bán: 14/08/2020 17:38|||TỔNG TIỀN PHẢI T.TOÁN 40.000
mcocr_private_145121pzatx.jpg,0.74357086,MINIMART ANAN|||Chợ Sủi Phú Thị Gia Lâm|||Ngày: 16/08/2020 - 17:12|||Tổng tiền 62000
mcocr_private_145121xnpxe.jpg,0.52906847,TÊN ĐẠI LÝ VGH_VINMART 4987 VMQNH|||ĐỊA CHỈ ĐẠI LÝ TỔ 8 KHU 3H P CẨM TRUNG CAM PHA QUANG NINH|||NGÀY 12/05/2020 11:13:58|||TỔNG CỘNG: UND 110.898
mcocr_private_145121hzene.jpg,0.5946928000000001,NHÀ SÁCH GD-TC CẨM PHẢ|||ĐC: 212 Đường Trần Phú - Cẩm Phả|||Thời gian: 11:37:45 - 14/08/2020|||Tổng số thanh toán 220.000đ
mcocr_private_145121oiyws.jpg,0.6791417,NHÀ SÁCH GD-TC CẨM PHẢ|||ĐC: 212 Đường Trần Phú-Cẩm Phả|||Thời gian: 09:17:21 - 11/08/2020|||Tổng số thanh toán 49.000đ
mcocr_private_145121vspoh.jpg,0.55597144,MINIMART ANAN|||Chợ Sủi Phú Thị Gia Lâm|||Ngày: 10/08/2020 - 17:10|||Tổng tiền 135336
mcocr_private_145121lhsvo.jpg,0.6663454000000001,Saigon Co.op Co.op Food HN THE K-PARK|||tai Khu do thi moi Van Phu P. Phu La Q. Ha Dong Tp Ha Noi|||Ngày: 19/09/2019 18|||Tong so tien thanh toan: 29300.00
mcocr_private_145121odzre.jpg,0.6574506999999999,SCTC CỔ THỎ 104 TRẦN PHÚ - CẨM PHẢ|||104 Trần Phú - phường Cẩm Tây - Thành phố Cẩm Phả - Quảng Ninh|||Ngày: 10/08/2020 (09:17 CH - 09:17 CH)|||Tổng thanh toán 25.000đ
mcocr_private_145121mncbm.jpg,0.5052,VGR VINMART 1.0/2VMQNH|||ĐỊA CHỈ ĐẠI LÝ TO B KHU 3B P. CAN TRUNG CAM PHA QUANG NINH|||NGÀY: 04/05/2020 GIO: 07:46:03|||TỔNG CỘNG: VND 186.100
mcocr_private_145121fszli.jpg,0.718046,MINIMART ANAN|||Chợ Sủi Phú Thị Gia Lâm|||Ngày: 15/08/2020 - 18:41|||Tổng tiền 99000
mcocr_private_145121dvszj.jpg,0.73935616,CỬA HÀNG NĂM OÁNH|||Thôn Phú Thuỵ Xã Phú Thị Huyện Gia Lâm TP Hà Nội|||Ngày: 11-08-2020|||Cộng tiền hàng 43500
mcocr_private_145121muyjp.jpg,0.50384796,TÊN ĐẠI LÝ:|||Số 1066-1062 TRẦN PHÚ P.C ĐỊA CHỈ:|||12/08/2020 09:33:40|||TỔNG: 993.665 Đ
mcocr_private_145121xturt.jpg,0.7506309,|||22 Quang Trung P10 Gò Vấp||||||Tiên Thanh Toán
mcocr_private_145121nwzna.jpg,0.76342887,CỬA HÀNG NĂM OÁNH|||Thôn Phú Thụy Xã Phú Thị Huyện Gia Lâm TP Hà Nội|||Ngày: 11-08-2020|||Cộng tiền hàng 15000
mcocr_private_145121taoai.jpg,0.63579667,VinCommerce|||VM+ QNH 112 Thanh Niên Số 112 Thanh Niên P. Cẩm Thành TP. Cẩm Phả Quảng Ninh|||Ngày bán: 15/08/2020 09:12|||TỔNG TIỀN PHẢI T.TOÁN 12.000
mcocr_private_145121uppbx.jpg,0.6425385,SIEU THI BACH HOA TONG HOP|||Số 5 Cẩm Tây - Cẩm Phả - QN|||Ngày: 10/08/2020 - 11:|||Tổng cộng (đã gồm VAT) 144000
mcocr_private_145121vdfbw.jpg,0.6073341999999999,VinCommerce|||VM+ QNH Tổ 7 khu Minh Tiến A Tổ 7 Khu Minh Tiến A P. Cẩm Bình TP. Cẩm Phả QNH|||Ngày bán: 12/08/2020 21:18|||TỔNG TIỀN PHẢI T.TOÁN 20.000
mcocr_private_145121zgxth.jpg,0.70079994,VinCommert|||VM+ QNH 112 Thanh Niên Số 112 Thanh Niên P. Cẩm Thành TP. Cẩm Phả Quảng Ninh|||Ngày bán: 11/08/2020 12:46|||26.400
mcocr_private_145121gbura.jpg,0.65412706,Co.opnart HAU GIA14|||188 Hau Khu 20 3 . 600.503||||||1488500.00
mcocr_private_145121fqdpf.jpg,0.5727760000000001,|||||||||6uyn eny ens Jeox enup ens
mcocr_private_145121bddlk.jpg,0.7340714,MINIMART ANAN|||Chợ Sủi Phú Thị Gia Lâm|||Ngày: 09/08/2020-21:21|||Tổng cộng 84000
mcocr_private_145121qtpyr.jpg,0.7295666999999999,Guitar Cafe|||28 Phan Chu Trinh Hiệp Phú Quận 9 Hồ|||Ngày lập: 03/10/2020|||
mcocr_private_145121srzde.jpg,0.7706259,|||22 Quang Trung P10 Go vap|||Ngày:|||
mcocr_private_145121hlcvt.jpg,0.6880752,MINIMART ANAN|||Chợ Sủi Phú Thị Gia Lâm|||Ngày: 11/08/2020 - 21:11|||Tổng tiền 701040
mcocr_private_145121reeuz.jpg,0.7753856,coopsmate|||Phuong Dong Hoa Thị xa Di An Tỉnh Binh Duong|||Ngày: 07/09/2020 Gio: 08:30:51|||TONG CONG 17.000
mcocr_private_145121ieaju.jpg,0.7053518,Co.op Food HN THE K-PARK||||||Ngày: 20/09/2019 12:18:21|||Tong so tien thanh toan: 27213.00
mcocr_private_145121yezog.jpg,0.5508244000000001,TÊN ĐẠI LÝ:|||LIÊN DANH CHO KHÁCH HANG ĐỊA CHỈ ĐẠI LÝ: CAM PHA QUANG NINH|||NGÀY GIO: 17:34:41|||TỔNG CỘNG: UND271000
mcocr_private_145121gguzl.jpg,0.58775055,NHÀ SÁCH GD-TC CẨM PHẢ|||ĐC: 212 Đường Trần Phú-Cẩm Phả|||Thời gian 20:10:41 - 14/08/2020|||Tổng số thanh toán 302.000đ
mcocr_private_145121tddlr.jpg,0.6478398,NHÀ SÁCH GD-TC CẨM PHẢ|||ĐC: 212 Đường Trần Phú-Cẩm Phả|||Thời gian: 08:47:35 - 11/08/2020|||Tổng số thanh toán 90.000đ
mcocr_private_145121ggbsz.jpg,0.63043034,VinCommerce|||VM+ QNH Tổ 7 Khu Minh Tiến A Tổ 7 Khu Minh Tiến A P. Cẩm Bình TP Cẩm Phả QNH|||Ngày bán: 12/08/2020 21:05|||TỔNG TIỀN PHẢI T.TOÁN 40.900
mcocr_private_145121rcvva.jpg,0.6818733,MINIMART ANAN|||Chợ Sủi Phú Thị Gia Lâm|||Ngày: 12/08/2020 - 14:16|||Tổng cộng 263000
mcocr_private_145121bciwl.jpg,0.5156223,VinCommerce|||VM+ QNH Tổ 7 Khu Minh Tiến A Tổ 7 Khu Minh Tiến A P. Cẩm Bình TP. Cẩm Phả QNH|||Ngày bán: 13/08/2020 21:47|||TỔNG TIỀN PHẢI T.TOÁN 103.000
mcocr_private_145121fmuoc.jpg,0.5764172,VinCommerce|||VM+ CNH Tổ T.Khu Kinh Tiến A Tổ 7 Khu Minh Tiến A P.Cẩm Bình TP.Cẩm Phả QNH|||Dân 880 cho khách bàng)|||
mcocr_private_145121yyzal.jpg,0.59661126,NHÀ SÁCH GD-TC CẨM PHẢ|||ĐC 212 Đường Trần Phú-Cẩm Phả|||Thời gian: 09:48:24 - 13/08/2020|||Tổng số thanh toán 70.000đ
mcocr_private_145121rtufg.jpg,0.8115216,Helcome to Trung Nguyen Legend|||Add: 683 - 685 duong 3/2 P.6 Q.10 - HCM||||||Ngày: 04/20/19 11:25
mcocr_private_145121eojyh.jpg,0.5914054,MINIMART ANAN|||Chợ Sủi Phú Thị Gia Lâm|||Ngày: 10/08/2020 - 17:22|||Tổng cộng 68000
mcocr_private_145121fpqeu.jpg,0.5925191999999999,VinCommerce|||VM+QNH Dự án KDC lấn biển cọc 6 DA khu DCLB cọc 6 P.Cẩm Sơn TP. Cẩm Phả T.Quảng Ninh|||Ngày: 15/08/2020 Thời gian: 10:28|||
mcocr_private_145121auqqj.jpg,0.6991641,NHÀ SÁCH GD-TC CẨM PHẢ|||ĐC: 212 Đường Trần Phú-Cẩm Phả|||Thời gian: 10:51:22 - 11/08/2020|||Tổng số thanh toán 36.000đ
mcocr_private_145121suqcn.jpg,0.66436625,VinCommerce|||VM+QNH Dự án KDC lấn biển cọc 6 DA khu DCLB coc 6 P. Cẩm Sơn TP. Cẩm Phả T.Quảng Ninh|||Ngày bán: 14/08/2020 16:35|||TỔNG TIỀN PHẢI T.TOÁN 6.400
mcocr_private_145121svpot.jpg,0.67087895,PHỐ MỎ|||Tổ 7 khu Tân Lập 4 - P.Cẩm Thuỷ Tp. Cẩm Phả - Quảng Ninh|||11/08/2020 - 17:52|||Cộng tiền hàng: Tổng cộng: 20000
mcocr_private_145121zqvoc.jpg,0.57912576,MINIMART ANAN|||Chợ Sủi Phú Thị Gia Lâm|||Ngày: 10/08/2020 - 16:08|||Tiền khách trản Tổng cộng : 32000
mcocr_private_145121brrqt.jpg,0.6201627,MINIMART ANAN|||Chợ Sủi Phú Thị Gia Lâm|||Ngày: 10/08/2020 - 17:09|||Tổng cộng: 74000
mcocr_private_145121olllu.jpg,0.68936896,||||||Ngày: 21/05/2020 17:14:18|||
mcocr_private_145121rvoxa.jpg,0.7061196,Saigon Co.op Co.op Food HN THE K-PARK|||tai Khu do thi moi Van Phu P. Phu La Q. Ha Dong Tp Ha Noi|||Ngày: 19/09/2019 18:14:44|||25200.00
mcocr_private_145121sqpwb.jpg,0.7252377,Saigon Co.op Co.op Food HN THE K-PARK|||tai Khu do thi moi Van Phu P. Phu La Q. Ha Dong Tp Ha Noi|||Ngày: 19/09/2019 18:16:44|||Tong so tien thanh toan: 59190.00
mcocr_private_145121zbmnw.jpg,0.54921645,TÊN ĐẠI LÝ|||ĐỊA CHỈ ĐẠI LÝ: TO 8 KHU 3B P. CAM TRUNG CAM PHA QUANG NINH|||NGÀY: 30/04/2020 GIO: 10:23:55|||TỔNG CÔNG: VND62000
mcocr_private_145121vpylo.jpg,0.71897775,Giảm giả Xuân|||244/23a Huỳnh Văn Bánh P.11 Q.PN|||Ngày giờ ra: Ngày giờ vào: 04.10.2020 19.35|||Tiên Thanh Toán 74 000
mcocr_private_145121okklv.jpg,0.58236873,VinCommerce|||VM+ QNH 1060-1062 Trần Phú Số 1060-1062 Đường Trần Phú TP. Cẩm Phả Quảng Ninh|||Ngày bán: 14/08/2020 06:47|||TỔNG TIỀN PHẢI T.TOÁN 19.900
mcocr_private_145121gntrz.jpg,0.54481673,VinCommerce|||VM+ QNH 1090-1062 Trần Phú Số 1060-1062 Dường Trần Phú TP. Cẩm Phả Quảng Ninh|||Ngày bán: 12/08/2020 20:15|||TỔNG TIỀN PHẢI T.TOÁN 46.000
mcocr_private_145121oyoxa.jpg,0.63067603,NHÀ SÁCH GD-TC CẨM PHẢ|||ĐC: 212 Đường Trần Phú-Cẩm Phả|||Thời gian: 08:53:41 - 11/08/2020|||Tổng số thanh toán 36.000đ
mcocr_private_145121vprze.jpg,0.73114556,MINIMART ANAN|||Chợ Sủi Phú Thị Gia Lâm|||Ngày : 11/08/2020 - 16:58|||Tổng tiền 112000
mcocr_private_145121mldik.jpg,0.5741845999999999,VinCommerce|||VM+ QNH Tổ 7 Khu Minh Tiến A Tổ 7 Khu Minh Tiến A P. Cẩm Bình TP. Cẩm Phả QNH|||Ngày bán: 13/08/2020 19:49|||TỔNG TIỀN PHẢI T.TOÁN 28.000
mcocr_private_145121ucwhf.jpg,0.50341046,VinCommerce|||Số 42 Phố Sủi xã Phú Thị Thuyện Gia Lâm Hà Nội|||Ngày bán: 15/08/2020 07:55|||TIỀN KHÁCH TRẢ 148.000
mcocr_private_145121lejvk.jpg,0.5186323,VinCommerce|||VM+ QNH 590 Trần Phú Số 590 Trần Phú P. Cẩm Thủy TP. Cẩm Phả Quảng Ninh|||Ngày: 14/08/2020 Thời gian: 08:30|||
mcocr_private_145121geflx.jpg,0.46321484,VinCommerce|||VM+ QNH 112 Thanh Niên Số 112 Thanh Niên P. Cẩm Thành TP. Cẩm Phả Quảng Ninh|||Ngày bán: 13/08/2020 10:20|||TỔNG TIỀN PHẢI T.TOÁN 203.397
mcocr_private_145121ulqxe.jpg,0.6117147,PHỐ MỎ|||Tổ 7 khu Tân Lập 4 - P.Cẩm Thủy Tp. Cẩm Phả - Quảng Ninh|||13/08/2020 - 19:52|||Tổng cộng: 20000
mcocr_private_145121boead.jpg,0.7969413000000001,THỨC COFFEE|||22 Quang Trung P10 Gò Vấp|||Giờ vào: 14.21 Giờ ra: Ngày: 31.03.2019 14.22|||Tiền Thanh Toán 70 000
mcocr_private_145121sbmxe.jpg,0.558399,VinCommerce|||VM+ QNH 86 Trần Phú Số 86 Đường Trần Phú P. Cẩm Tây TP Cẩm Phả T.Quảng Ninh|||Ngày bán: 10/08/2020 09:29|||TỔNG TIỀN PHẢI T.TOÁN 323.495
mcocr_private_145121wwpst.jpg,0.47512528,||||||NGÀY KINH DOANH: 13/08/2020|||Tổng thanh toán Tổng Tiến 17.094.714 17.062.714
mcocr_private_145121embny.jpg,0.7947278,VinCommerce|||VM+ HNI 36 Đình Thôn Số 36 Đình Thôn P. Mỹ Định T Q. Nam Từ Liêm Hà Nội|||Ngày bán: 14/08/2020 17:25|||TỔNG TIỀN PHẢI T.TOÁN 178.722
mcocr_private_145121rjbqf.jpg,0.57047486,VinCommerce|||VM+ QNH Tổ 7 Khu Minh Tiến A Tổ 7 Khu Minh Tiến A P. Cẩm Bình TP. Cẩm Phả QNH|||Ngày: 13/08/2020 Thời gian: 18:16|||
mcocr_private_145121bnfhp.jpg,0.5018842,VinCommerce|||VM+QNH 10604062 Trần Phú Số 10604062 Đường Trần Phú TP. Cẩm Phả Quảng Ninh|||Ngày bán: 13/08/2020 10:00|||TỔNG TIỀN PHẢI T.TOÁN 66.800
mcocr_private_145121nbiok.jpg,0.5021541,||||||NGÀY HỆ THONG:07/08/2020 22:10|||Hồng thanh toán 15.539.036
mcocr_private_145121zrjti.jpg,0.50279623,VinCommerce|||VM+ QNH 590 Trần Phú Số 690 Trần Phú P.Cẩm Thuỷ TP Cẩm Phả Quảng Ninh|||Ngày bán: 14/08/2020 07:39|||TỔNG TIỀN PHẢI T.TOÁN 61.000
mcocr_private_145121ytyju.jpg,0.5082502,VinCommerce|||VM+ QNH Dự án KDC lấn biển coc 6 DA khu DCL B cọc 6 P.Cẩm Sơn TP. Cẩm Phả T.Quảng Ninh|||Ngày bán: 12/08/2020 18:15|||TỔNG TIỀN PHẢI T.TOÁN 27.992
mcocr_private_145121xmjqr.jpg,0.5548649999999999,VinCommerce|||VM+ QNH 112 Thanh Niên Số 112 Thanh Niên P. Cẩm Thành TP.Cẩm Phả Quảng Ninh|||Ngày bán: 13/08/2020 06:45|||TỔNG TIỀN PHẢI T.TOÁN 36.000
mcocr_private_145121qtukg.jpg,0.5071283,VinCommerce|||VM+QNH Tổ 7 Khu Minh Tiến A Tổ 7 Khu Minh Tiến A P. Cẩm Bình TP. Cẩm Phả QNH|||Ngày bán: 13/08/2020 16:13|||TỔNG TIỀN PHẢI T.TOÁN 49.500
mcocr_private_145121mihjo.jpg,0.61826,NHÀ SÁCH GD-TC CẨM PHẢ|||ĐC: 212 Đường Trần Phú-Cẩm Phả|||Thời gian: 20:21:36 - 14/08/2020|||Tổng số thanh toán -64.000đ
mcocr_private_145121lnerw.jpg,0.5927300999999999,||||||18:24 12/08/2020|||SỐ LƯỢNG MẶT HÀNG: 19 696.950
mcocr_private_145121jfljk.jpg,0.44773525,VinCommerce|||VM+ QNH Tổ 8 Khu 3B Cẩm Trung Tổ 8 Khu 3B P. Cẩm Trung TP. Cẩm Phả T.Quảng Ninh|||Ngày bán: 13/08/2020 10:03|||TỔNG TIỀN PHẢI T.TOÁN 14.000
mcocr_private_145121ggvml.jpg,0.5672769,MINIMART ANAN|||Chợ Sủi Phú Thị Gia Lâm|||Ngày: 10/08/2020 - 14:24|||Tổng cộng: 103000
mcocr_private_145121rjevp.jpg,0.5234998,VinCommerce|||VM+ QNH 1060-1062 Trần Phú Số 106041662 Đường Trần Phú TP. Cẩm Phả Quảng Ninh|||Ngày bán: 13/08/2020 18:01|||TỔNG TIỀN PHẢI T.TOÁN 246.032
mcocr_private_145121pmgai.jpg,0.5364456,VinCommerce|||VM+ QNH Tổ 7 Khu Minh Tiến A Tổ 7 Khu Minh Tiến A P. Cẩm Bình TP. Cẩm Phả QNH|||Ngày: 13/08/2020 Thời gian: 16:34|||
mcocr_private_145121itzwi.jpg,0.64193577,SIEU THI BACH HOA TONG HOP|||Số 5 Cẩm Tây - Cẩm Phả - QN|||Ngày : 10/08/2020 - 11:|||Tổng cộng (đã gồm VAT) 144000
mcocr_private_145121lvehe.jpg,0.49229768,VinCommerce|||VM+ QNH 112 Thanh Niên Số 112 Thanh Niên P. Cẩm Thành TP. Cẩm Phả Quảng Ninh|||Ngày bán: 11/08/2020 21:53|||TỔNG TIỀN PHẢI T.TOÁN 61.000
mcocr_private_145121ayruq.jpg,0.7421128,CỬA HÀNG NĂM OÁNH|||Thôn Phú Thuỵ Xã Phú Thị Huyện Gia Lâm TP Hà Nội|||Ngày: 11-08-2020|||Cộng tiền hàng 14000
mcocr_private_145121vgzge.jpg,0.6327069000000001,VinCommerce|||VM+ QNH 86 Trần Phú Số 86 Đường Trần Phú P. Cẩm Tây TP Cẩm Phả T.Quảng Ninh|||Ngày bán: 10/08/2020 22:08|||TỔNG TIỀN PHẢI T.TOÁN 18.100
mcocr_private_145121inkgz.jpg,0.7519215,MINIMART ANAN|||Chợ Sủi Phú Thị Gia Lâm|||Ngày: 15/08/2020 - 19:15|||Tổng cộng: 79000
mcocr_private_145121tuldp.jpg,0.7162647,Saigon Co.op Co.op Food HN THE K-PARK|||thu khu do thi moi bha o Hu P. Phu La Q. Ha Dong Vip Ham|||Ngày: 23/09/2019 10:22:20|||Tong so tien thanh toan: 38735.00
mcocr_private_145121inqak.jpg,0.5000329000000001,VinCommerce|||VM+ QNH 590 Trần Phú Số 590 Trần Phú P. Cẩm Thuỷ TP. Cẩm Phả Quảng Ninh|||Ngày bán: 14/08/2020 09:04|||TỔNG TIỀN PHẢI T.TOÁN 15.000
mcocr_private_145121nwwgt.jpg,0.5288513000000001,VinCommerce|||VM+ QNH Tổ 7 Khu Minh Tiến A Tổ 7 Khu Minh Tiến A P. Cẩm Bình TP. Cẩm Phả QNH|||Ngày bán: 13/08/2020 19:55|||TỔNG TIỀN PHẢI T.TOÁN 120.327
mcocr_private_145121rsloz.jpg,0.75665545,CỬA HÀNG NĂM OÁNH|||Thôn Phú Thuỵ Xã Phú Thị Huyện Gia Lâm TP Hà Nội|||Ngày: 11-08-2020|||Cộng tiền hàng 57000
